message,label,flagged
FUCK,2.0,True
FIND THIS BITCH,1.0,True
ur dumb for not running,1.0,True
shit,2.0,True
shit,2.0,True
U FKIING IDIOT,1.0,True
shit spg loves me,2.0,True
sorry arty fuck me hard,0.0,True
learn english bloddy hell,1.0,True
char mle idiot press x,0.0,True
idiot campersw,0.0,True
next idiot team,1.0,True
gone to shit,1.0,True
at8 fuck you,1.0,True
idiot,0.0,True
idiot on hill,1.0,True
idiot 4005,1.0,True
idiot,1.0,True
debil PzIII E idiot lame players,1.0,True
you idiot meds,0.0,True
lol idiot team again,1.0,True
TEAM IDIOT,1.0,True
FUCK IDIOTS,1.0,True
damn,2.0,True
idiot bots,1.0,True
stupid coward cavallier,1.0,True
spot idiot,1.0,True
fuck spotter,1.0,True
ah as allways...ay fuck team hits nothing,1.0,True
fuck this... the Suicide is In and you Lot Lose...,1.0,True
i have a feeling you just needed a reason to bitch and complain you old fuck,0.0,True
you old fuck,3.0,True
PL lsoers only bonus in this fuck game,2.0,True
stupid heavys,0.0,True
FUCK YOUR ASS,1.0,True
GRILLE IM REPORTING YOU BITCH,1.0,True
total idiot,1.0,True
1250 hp idiot arty,1.0,True
yes idiot arty :),1.0,True
all report stupid T34-1,1.0,True
damn,0.0,True
bitch,1.0,True
lol idiot,1.0,True
fuck rng last shot dont pen,1.0,True
why the fuck,0.0,True
block ass,1.0,True
go idiot,1.0,True
what a coward shit,1.0,True
shit wg all shots missed,1.0,True
that Leo was utterly shit,1.0,True
idiot cobra,3.0,True
lord idiot,1.0,True
report 279 IDIOT,1.0,True
leo go go not camp idiot,1.0,True
oh fuck lol,2.0,True
damn he chose a good spot,0.0,True
cover may ass,0.0,True
idiot team,1.0,True
FUCK MY rng,2.0,True
CANT HIT SHIT,0.0,True
you hush nigerian fuck,3.0,True
stupid e100,0.0,True
Stupid Bouresques - both of them,1.0,True
worst map for this shit tank,1.0,True
2 KV-2 on hill with crap view range and not spotters,0.0,True
but the village idiot doesn't realize that,0.0,True
"\yeah, the T21 and Hllcat did shit",0.0,True
Being alive doesn't mean shit,1.0,True
dog ass light,2.0,True
idiot,1.0,True
fuck you,1.0,True
fuck,2.0,True
fuck,2.0,True
so time to camp like a bitch,1.0,True
is klar idiot,1.0,True
sam si idiot,1.0,True
idiot gold noob,1.0,True
fuck it,2.0,True
cacsrr fuck,1.0,True
go die idiot mediums,4.0,True
fuck this map,2.0,True
damn,1.0,True
yes dicker idiot,1.0,True
fuck,2.0,True
wow u're lucky the jpz is an idiot,1.0,True
WYD IDIOT,1.0,True
56 idiot play,1.0,True
56 idiot,1.0,True
wtf man stop being a dick and get here and see gor yourself that we cant move idiot,1.0,True
idiot,0.0,True
Why the fuck they keep this fucking map???,2.0,True
dont die like idiot,1.0,True
dj rock fuck yu homo gay,3.0,True
leecher idiot,1.0,True
idiot,1.0,True
shit team,1.0,True
you dumb fucking morons,1.0,True
dog shit morons,1.0,True
430 idiot...,1.0,True
T??ger idiot spot,1.0,True
fuck offf rng fot fuckimh noobs,1.0,True
shit campers,0.0,True
lkv biggest idiot,1.0,True
wespe idiot where do you go???,1.0,True
idiot,0.0,True
J1982 You has Damage me. You Idiot.,1.0,True
K-91 go idiot,1.0,True
move idiot LT,0.0,True
fuck you idiot,1.0,True
idiot,1.0,True
damn idiots noone?,0.0,True
wz big idiot,0.0,True
push the damn hill omg,0.0,True
Retarded fuck,1.0,True
fucking idiot not help,1.0,True
stupid,0.0,True
FUCK THE PROGETTO,1.0,True
shit head,1.0,True
idiot,1.0,True
stupid,1.0,True
u are dumb,1.0,True
fuck team,1.0,True
fuck team,1.0,True
fuck team,1.0,True
DUMB,2.0,True
eat shit faggot,3.0,True
camper shit,1.0,True
nah if he *** legos he wouldnt be this stupid,0.0,True
dont show ass omg,2.0,True
kv 1 s idiot,1.0,True
stupid team,1.0,True
su dumb u are,1.0,True
thx idiot!!,1.0,True
idiot ebr,1.0,True
T-34-85M go you ******* idiot,1.0,True
die stupid,4.0,True
idiot e100,1.0,True
idiot,1.0,True
idiot,1.0,True
progetto go to fuck IDIOT,1.0,True
damn,0.0,True
just fuck me,2.0,True
idiot,1.0,True
se fhit idiot,1.0,True
fuck this game :),2.0,True
our light is idiot,2.0,True
get your ass back and help the wz,1.0,True
chi ri is an idiot,0.0,True
nice idiot,1.0,True
setter your an idiot,1.0,True
stupid dorks,1.0,True
setter what a pice of shit you are,1.0,True
Mooove your ass,0.0,True
damn noob,0.0,True
e 75 dlete bot idiot,1.0,True
nvm BZ is going to fuck them,0.0,True
fuck that guy6,1.0,True
due to stupid arty,2.0,True
*** idiot light,1.0,True
stupid E100 hide behind me,1.0,True
usless scouts let hell cat un sighted in fiel..,1.0,True
fucking hell,2.0,True
thansk for help 2 stupid idiot in liberte,1.0,True
idiot t57,1.0,True
fuck team,1.0,True
you stupid,1.0,True
you are stupid for pushing alone,1.0,True
jag move ur ass,1.0,True
wtf idiot team,1.0,True
fuck arty,2.0,True
fuck team,1.0,True
idiot,0.0,True
idiot leo,1.0,True
ebr idiot,1.0,True
140 idiot report,1.0,True
what the hell,0.0,True
liki idiot play tier 1,1.0,True
USELESS FUCK TEAM !!!,1.0,True
fuck ],2.0,True
what an idiot,1.0,True
damn,0.0,True
fuck your mother,,True
fcking stupid red mtherfckers,1.0,True
idiot pilot,1.0,True
holy shit somua,1.0,True
fuck it as long as we win dont matter how lol,2.0,True
holy shit,0.0,True
u fucking idiot,1.0,True
907 idiot,1.0,True
tomi go cap idiot,0.0,True
i caried my ass ass well,0.0,True
hi shit map ....,0.0,True
not this fucking stupid map,2.0,True
"lol, nugs is less than 2k battles and talking shit",1.0,True
FUCK,2.0,True
"idiot 4190, you cant spot from there",1.0,True
283 you idiot,1.0,True
kill him idiot!,1.0,True
what the hell ar eyou all doing??,0.0,True
holy crap its almost like playing the wrong side of the map was stupid,2.0,True
What an Idiot,1.0,True
shit boys,1.0,True
VK _ idiot,1.0,True
useless idiot,1.0,True
herd of stupid Pindos!,1.0,True
idiot,1.0,True
GG IDIOT TEAM,1.0,True
he is a idiot,1.0,True
trash ass T-34-01 get IN THE FIGHT,1.0,True
what a idiot,1.0,True
shit,2.0,True
#idiot lights...,1.0,True
kill that stupid vk,2.0,True
oh shit,0.0,True
damn,0.0,True
damn chill,0.0,True
OI are u stupid?,1.0,True
idiot cent,0.0,True
FUCK??NG B??THCH,1.0,True
fk idiot leo,1.0,True
that's bull shit.,1.0,True
cromvel idiot,0.0,True
"I think you are idiot, l??we",1.0,True
they call me an idiot,0.0,True
hi idiot,0.0,True
idiot on ht,1.0,True
IDIOT,1.0,True
another IDIOT,1.0,True
STUPID TWAT,1.0,True
well shit,2.0,True
damn it lol,2.0,True
go spot idiot,1.0,True
"They where in the city untill they had to go back to defend.. That's actually not camping you idiot, but smart..",0.0,True
shit team,1.0,True
idiot destroer,1.0,True
idiot patton,1.0,True
"idiot progetto, your block killed me",0.0,True
cant do shit with elc gun,2.0,True
fuck you noob OBJ 277,1.0,True
shit barn reload,2.0,True
6tp move idiot,1.0,True
idiot 121??????????,1.0,True
shit,2.0,True
bc idiot go spot,1.0,True
stupid BOT,1.0,True
what an idiot team,1.0,True
fuck off',2.0,True
fuck you meds,1.0,True
YOU LITERAL PIECES OF SHIT,1.0,True
do your job BZ Idiot and dont push me,0.0,True
damn it ^^,0.0,True
td stupid,1.0,True
stupid,1.0,True
STUPID TEAM,1.0,True
ho ri is to stupid,1.0,True
fuck mate,1.0,True
705 idiot,1.0,True
youre idiot,1.0,True
Idiot,1.0,True
idiot,1.0,True
fuck u skoda..,1.0,True
STUPID MEDS,1.0,True
idiot,0.0,True
How the hell did the T110E3 die?,0.0,True
my shot missed the damn BC,2.0,True
idiot,1.0,True
fuck u kunze,1.0,True
fuck u kunze,1.0,True
idiot,1.0,True
da fuck,0.0,True
slow ass tank,1.0,True
IDIOT PZ,1.0,True
idiot standard,1.0,True
dumb,1.0,True
curve ball fuck,0.0,True
pls report that t103 for beein dumb af,0.0,True
fuck you,1.0,True
idiot 4005,0.0,True
idiot,0.0,True
shit,2.0,True
our scouts are shit!,1.0,True
fuck,2.0,True
fking shit game.,2.0,True
idiot light,1.0,True
spic you are dumb fucking cunt,1.0,True
total idiot,0.0,True
gg dumb,0.0,True
idiot 112,1.0,True
go cap idiot,1.0,True
fuck,2.0,True
gg idiot E5,1.0,True
fuck you,1.0,True
idiot hevy,1.0,True
*** idiot type 5 heavy,1.0,True
well damn,0.0,True
e3 why you stupid cunt,1.0,True
look map stupid dements,1.0,True
all stupid campers,1.0,True
SU - 101 YOU ARE STUPID TD IDIOT OMFG,1.0,True
STUPID TD IDIOT SU 101,1.0,True
su move idiot,0.0,True
su you must move idiot,1.0,True
idiot 705 a uninstal demente,1.0,True
fuck yes,0.0,True
parking idiot,0.0,True
stock shit for me lol,0.0,True
damn lol,0.0,True
su 130 dont push me idiot,1.0,True
aaa shit,2.0,True
idiot,1.0,True
holy fuck how were those bouncing,0.0,True
overmatching the ass,0.0,True
shit,2.0,True
"Vipera please, fuck off",1.0,True
last idiot with few brain cells,1.0,True
FUCK YOU,1.0,True
damn afk elc,2.0,True
just die you cant pen mauses ass,1.0,True
HELL YEAH!,0.0,True
kiss my ass,1.0,True
k??ss your s??ster ass yes,1.0,True
stop pinging you idiot,1.0,True
stupid retard,1.0,True
idiot,1.0,True
bc12 idiot,1.0,True
their arty has stupid good view range,0.0,True
RNG can kiss my ass today,0.0,True
idiot 0tp,1.0,True
idiot team,1.0,True
fuck,2.0,True
how died that idiot camper -44?,0.0,True
big idiot,1.0,True
got shit players,1.0,True
fuck this awkward ass bullshit battle,1.0,True
unistal idiot leopard,1.0,True
"stupid, stupid twat",1.0,True
why the fuck you take tank destroyer position and dont do anything,1.0,True
move idiot on P.43,1.0,True
shit map,2.0,True
AMX you are fucking idiot,1.0,True
fuck you stupid kid,1.0,True
coward ass,1.0,True
ffss u stupid ebr cunt,1.0,True
why you play so stupid? with 13 57,1.0,True
GRILE IDIOT,1.0,True
GG STUPID GRILLE,1.0,True
we are stuck here u idiot,1.0,True
you didn't do shit pawlack,1.0,True
"yes, up your ass",1.0,True
up your ass,1.0,True
IDIOT,1.0,True
damn,2.0,True
rng shit,1.0,True
rng fuck off,1.0,True
help idiot,1.0,True
they damn stop for sniping :(,2.0,True
fuck off,2.0,True
what was stupid,0.0,True
good fucking shit,1.0,True
fuck you ebr,1.0,True
spot you fcking idiot,1.0,True
he i s a complete idiot,1.0,True
fuck me,2.0,True
arty idiot,1.0,True
idiot,1.0,True
idiot,1.0,True
fuck zou mom E3,1.0,True
shit reset if possible,1.0,True
well fuck,2.0,True
stupid team,1.0,True
fucking idiot somua,1.0,True
idiot mka,1.0,True
idiot,1.0,True
go idiot,1.0,True
idiot,1.0,True
fuck game,2.0,True
lol shit team,1.0,True
move ur ass 260,0.0,True
idiot,1.0,True
what to hell idiots,1.0,True
"T 37 wtf you doing, idiot",1.0,True
cobra you idiot,1.0,True
crap,0.0,True
I play like shit I hit nothing,2.0,True
fuck rng,2.0,True
shit show,1.0,True
damn ran out of ammo,0.0,True
fuck u tomato reported,1.0,True
report idiot kid,1.0,True
gg 2 bed camper idiot bot,1.0,True
damn must have been the AMX's last shot in the mag,0.0,True
useless imbecile loser shit uninstall,1.0,True
shit,2.0,True
You still dont know how to play this game??? IDIOT???,1.0,True
kill that scout damn,1.0,True
Fucking idiot.,1.0,True
God damn they see me at E9!,0.0,True
God damn they see me at E8!,0.0,True
God damn they see me at E7!,0.0,True
God damn they see me at E7!,0.0,True
but ppl are stupid,0.0,True
ppl who rush are stupid there the ones who die first,0.0,True
idiot,1.0,True
bret panther blok 2 lt idiot,1.0,True
fuck arties they suck why are they even in the game,1.0,True
this shit suck kill all your selves this whole game shouldve been dead a long time ago,1.0,True
fuck you,1.0,True
all side shit,1.0,True
who was that blcoking idiot,1.0,True
fuck that,2.0,True
take the damn shot arty,0.0,True
"fuck me, fucking apes",2.0,True
fck idiot,1.0,True
fuck,2.0,True
DAMN i HATE THIS MAP,0.0,True
idiot,1.0,True
idiot here,1.0,True
idiot,1.0,True
idiot,1.0,True
fukin idiot jokerz,1.0,True
idiot,1.0,True
stupid rat,1.0,True
FK YOU JACKSON IDT PIECE OF SHIT,1.0,True
IDIOT,1.0,True
are you stupid?,0.0,True
fku idiot noobs,1.0,True
idiot,1.0,True
"i dont need a shitlist, i already know whos shit",1.0,True
move ass omg,1.0,True
fuck,2.0,True
need fuck him in back,1.0,True
fuck u elc,1.0,True
bitch,1.0,True
russia Idiot Maus??,1.0,True
9tier FULL IDIOT!!!,1.0,True
fuck u,1.0,True
fuck artys,2.0,True
Fetz for candy ass of the YEAR!!,2.0,True
blocked bitch,1.0,True
crap lol,0.0,True
why the fuck am I doing the spotting on the heay line? come on team,1.0,True
fuck you family stupid retards,1.0,True
Damn.,0.0,True
"that was a stupid move, sry... but is true",2.0,True
the fuck are you doing my,1.0,True
fuckin idiot,1.0,True
If you dont think its rigged? You beyard stupid!!!,1.0,True
omg stupid goooooooooooooooooooooooo,1.0,True
IS-7 you are imbecil or what a fuck?,1.0,True
dumb fuck leopta,1.0,True
holy shit,1.0,True
damn,0.0,True
and you are an idiot to go alone,1.0,True
skoda go fuck your retard camper mother LOOOSER,1.0,True
you are idiot,1.0,True
idiot kpz,1.0,True
their bc 25 t ap understood this but you are too stupid to do so,1.0,True
this gun is shit sometimes,2.0,True
God damn they see me at E9!,0.0,True
God damn they see me at E8!,0.0,True
God damn they see me at E7!,0.0,True
God damn they see me at E7!,0.0,True
E50 you stupid idiot bot,1.0,True
so fuck u,1.0,True
stupid son of drug addicts,5.0,True
bravo idiot,1.0,True
stop ruining my shots you dumb bastard,1.0,True
"damn, full of bots. i am afk",1.0,True
nowq you see you stupid animals?,1.0,True
"but stupid you are, since you were excusing him",1.0,True
nice idiot,1.0,True
who is idiot??,1.0,True
Thanks Idiot Löwe driver,2.0,True
shit,2.0,True
idiot,1.0,True
too late idiot chiken VK,1.0,True
what the actual fuck,2.0,True
ur idiot,1.0,True
move ur ass,1.0,True
shit map,2.0,True
"borrasque, EAT SHIT ASSHOLE!!!!",1.0,True
fuck yeah,2.0,True
good shit,1.0,True
bunch of stupid campers,1.0,True
They're in the damn trees,0.0,True
oh stop... it's wg saying fuck you for spending money over christmas.,1.0,True
nah your idiot,1.0,True
damn,0.0,True
fuck sake,2.0,True
140 absolut idiot,1.0,True
true damn he needs to help decap,0.0,True
fuck this game,2.0,True
shit,2.0,True
13 105 idiot?,1.0,True
"damn, we have 3 spg's!?",0.0,True
idiot strvz,1.0,True
257 you are real shiny ass motherfucker,1.0,True
stfu idiot,1.0,True
u can t do shit,1.0,True
sniper heavy moron st2 says move your ass,1.0,True
BURAK IDIOT,1.0,True
"idiot team, no one in middle",1.0,True
man fuck this game,2.0,True
just fuck this bullshit game man,2.0,True
fuck u,1.0,True
ur a total idiot,1.0,True
all idiot,1.0,True
leopard total idiot,1.0,True
idiot,1.0,True
thats so stupid,0.0,True
"skycancer, fuck yeah",2.0,True
idiot,1.0,True
i GOTTA POOP SO BAD. tHIS IS HELL,0.0,True
idiot k91,1.0,True
go ass pussy and suck your father dickk..,1.0,True
all angry as fuck xd,1.0,True
vz stupid idiot,1.0,True
killed 4 player and the team is too stupid to help,0.0,True
fuck do our scouts suck assholes,1.0,True
fu idiot,1.0,True
fuck,2.0,True
lowe idiot delete,1.0,True
atck delete idiot,1.0,True
go to garage idiot,1.0,True
idiot,1.0,True
fuck this game,2.0,True
fuck team,1.0,True
what a stupids shit to do,1.0,True
idiot ebr,1.0,True
calling you an idiot for a shit play that got me killed is called crying now?,1.0,True
if you don't give a shit about your teammates,1.0,True
yet you are shit talking someone for calling you retarded,1.0,True
thx shit scout,1.0,True
so stupid,0.0,True
You still dont know how to play this game??? IDIOT???,1.0,True
matchmaking its bigest shit in the world,1.0,True
why we have 2 shit lights??,1.0,True
holy shit,1.0,True
damn,0.0,True
bunch of stupid campers,1.0,True
spoter idiot,1.0,True
Timber idiot spottt,1.0,True
our arty idiot,1.0,True
ok their t50 is dumb thank god,0.0,True
idiot,1.0,True
op piece of shit,1.0,True
dumb fucks cover both flanks,1.0,True
Thanks FOCH stupid,1.0,True
idiot,1.0,True
boring ass,2.0,True
idiot,1.0,True
13 90 105 ure piece of shit,1.0,True
and that piece of shit 13 105 is camping behind meds,1.0,True
13 105 u son of a inbred shit,1.0,True
piece of shit,1.0,True
low eff crap,1.0,True
idiot,1.0,True
so i should die like top tier shit sconq,2.0,True
that tank is shit,2.0,True
this tank is total crap,2.0,True
got shit players,1.0,True
ebr wake up idiot,1.0,True
loser idiot shit of player,1.0,True
stupid asshole Foch B,1.0,True
spot idiot,1.0,True
idiot,1.0,True
eat shit,1.0,True
NO MY LEVEL - I go jumping and fuck you WG :P,1.0,True
sad fuck,2.0,True
tiger u dumb fk xd,1.0,True
fuck off,2.0,True
buz idiot spot,1.0,True
idiot scouts,1.0,True
klicking bitch is always allowed to hit me and i miss and miss and dont pen,1.0,True
stupid KV3,1.0,True
idiot mediums move we lose,1.0,True
stfu im spotted you idiot,1.0,True
fuck rng 4 x zero omg,1.0,True
fuck,2.0,True
fuck yuo,1.0,True
idiot,1.0,True
idiot td,1.0,True
i missed we lose td idiot,2.0,True
2 fuck camper heavys reportet,1.0,True
fuck you clickers,1.0,True
well shit,1.0,True
thx idiot,2.0,True
ratana fuck you,1.0,True
mfkr idiot,1.0,True
777 has their ass sticking out,0.0,True
idiot,1.0,True
MOVE TYPE 4 idiot,1.0,True
amx dont be an idiot and play like heavy,1.0,True
idiot team,1.0,True
GOOD SHIT SKORP,1.0,True
bat you idiot,1.0,True
idiot,1.0,True
udes idiot,1.0,True
T 100 lt idiot,1.0,True
i have in ass your 3 mark,2.0,True
your big ass block us,1.0,True
stupid,1.0,True
bloo idiot,1.0,True
cap fuck this,1.0,True
idiot light,1.0,True
"fuck off m41,",1.0,True
fuck off 705,1.0,True
fuck your mother,1.0,True
very very bitch players,1.0,True
Im just fucking laughing how fucking braindead useless pieces of shit exists,1.0,True
Idiot mongoloid braindead fucks,1.0,True
gj idiot,2.0,True
stupid line 2 campers,1.0,True
fucking stupid cjar,1.0,True
"the mle is not parking that bad he expects the enemy to push forward..if YOU as scout push forward, you fuck up your mates that ALSO need to",1.0,True
at least trace enemy arties and focus em..which idiot drives arty inthis mode -.-,1.0,True
"if you would have a ass arty, you would scout..what do you have to loose?",1.0,True
nice support idiot,1.0,True
FUCK OFF,2.0,True
i didnt do shit,1.0,True
THIS ARTY S .SHIT,1.0,True
idiot,1.0,True
idiot team,1.0,True
team idiot,1.0,True
just idiot-teams failed to protect their arty,1.0,True
Altaiir123 fucking moron fuck you thx for help fucking pussy,1.0,True
you are fast but stupid,1.0,True
idiot patton,1.0,True
fuck team,1.0,True
dumb T28 htc,1.0,True
amx dumb,1.0,True
crap,0.0,True
damn med sitting in the back.....,2.0,True
fuck of and kill that HWK,1.0,True
FUCK NOOB TEAM,1.0,True
fuck noobs,1.0,True
fuck u all,1.0,True
everyone &lt;50% winrate: FUCK OFF,1.0,True
fuck uall,1.0,True
60 tp idiot,1.0,True
matilda moron fall back idiot,1.0,True
fuck you bot,1.0,True
b2 idiot firing he now,1.0,True
idiot,1.0,True
fuck off bot...,1.0,True
stupid idiots,1.0,True
idiot,1.0,True
stupid heavy,1.0,True
kibg idiot,1.0,True
fucking idiot,1.0,True
damn xd,0.0,True
fuck it,2.0,True
"idk why stb 1, char futur and foch are so stupid to move this far up when i spot",1.0,True
that fucking arty shit...,1.0,True
"hummels, shit the oni",1.0,True
defenfer idiot,1.0,True
conqueror go to bz idiot,1.0,True
holy shit,1.0,True
new shit,1.0,True
what the fuck is a Hi Ro,1.0,True
idiot,1.0,True
idiot,1.0,True
fuck of,2.0,True
sooo f ing DUMB,1.0,True
you are certainly dumb enough to qualify,1.0,True
fuck arty,2.0,True
fuck them,1.0,True
not like an idiot,1.0,True
"nice campiong, idiot 277",1.0,True
total idiot with 277,1.0,True
the fuck M6,1.0,True
emil idiot,1.0,True
idiot,1.0,True
f..idiot kunze,1.0,True
dedly shit,1.0,True
go find f..arty idiot,1.0,True
go fuck yourself,0.0,True
and i thing u are total idiot,1.0,True
coward shit green stat kreten,1.0,True
report idiot bot 705A,1.0,True
fucking idiot 45 tp,1.0,True
Tiger P you retarded idiot,1.0,True
Kiss MY STINKY ASS BASTARD wg,1.0,True
gg we have idiot amx,1.0,True
idiot,1.0,True
FUCK TEASM,1.0,True
HELL YEAH:)I,0.0,True
fuck elc,2.0,True
get the fuck to town,2.0,True
where the fuck are my shots going wg,1.0,True
gj idiot,2.0,True
idiot,1.0,True
kill tje idiot,1.0,True
fuck you 705,1.0,True
top idiot in top tank,1.0,True
stupid monkey go away,1.0,True
hellcat great idiot,1.0,True
go spot elc idiot,1.0,True
idiot,1.0,True
idiot,1.0,True
idiot team,1.0,True
fuck you,1.0,True
idiot,1.0,True
dumb bot,1.0,True
idiot,1.0,True
light idiot,1.0,True
fuck you,1.0,True
REPORT THIS IDIOT,1.0,True
FUCKING 1.4K WN8 IDIOT,1.0,True
IDIOT,1.0,True
BITCH,1.0,True
ha ha ha idiot,1.0,True
fuck this 3 idiots,1.0,True
well crap,2.0,True
and shit,1.0,True
holy fuck this gun wont work,2.0,True
"Na I get that RNG is a bitch, but this tank in particular fucking BLOWS man",1.0,True
heavies are always a little more stupid,1.0,True
fuck that],2.0,True
stii omg move idiot,1.0,True
moove idiot,1.0,True
idiot,1.0,True
fuck all premium ammo users,1.0,True
leo idiot,1.0,True
retard shit progetto,1.0,True
idiot cs,1.0,True
cap idiot team cap,1.0,True
what thje fuck is this,1.0,True
report e50 idiot,1.0,True
holy shit,1.0,True
wtf stupid bot BZ,1.0,True
camper idiot,1.0,True
bot shit team,1.0,True
idiot,1.0,True
t100 we cant see shit there,1.0,True
"122 TM is a cool tank, but the aim is ass",1.0,True
omg - next stupid kids team :-/,1.0,True
who is now the stupid kid??,1.0,True
IDIOT,1.0,True
wheres that damn tort,0.0,True
dumb,1.0,True
idiot campers,1.0,True
hell yea,0.0,True
idiot,1.0,True
idiot ebr,1.0,True
bot shit ebr,1.0,True
FV U FKN USELESS IDIOT,1.0,True
idiot,1.0,True
idiot,2.0,True
idiot report,1.0,True
idiot,1.0,True
60TP idiot makes cover for the enemy brainless retard,1.0,True
good comeback abc kicked ass,1.0,True
why would youy idiot go there way,1.0,True
idiot lemmings,1.0,True
you are more stupid,1.0,True
hoyl shit,1.0,True
"he wont, setter is an idiot.",1.0,True
ur actually dumb,1.0,True
you fucking idiot,1.0,True
hes just being an ass,1.0,True
idiot light report,2.0,True
FUCK OFF,2.0,True
skoda idiot???,1.0,True
our lites were pure shit,1.0,True
stb1 idiot,1.0,True
lt idiot,1.0,True
useless idiot lt,1.0,True
arta also idiot,1.0,True
idiot jebaniy char futur,1.0,True
what the fuck are you doing med,1.0,True
fuck,2.0,True
fuck you wg,1.0,True
idiot botcamper,1.0,True
move idiot camper,1.0,True
damn,0.0,True
idiot??,1.0,True
arty idiot,1.0,True
that was my dumb ass,0.0,True
wow our strv is stupid as f,1.0,True
and even then u cant hit shit,1.0,True
everyone stfu god damn,1.0,True
LEOPARD U ARE THE BIGGEST RETARD SHIT IN THIS GAME,1.0,True
leave this stupid hummel to me,1.0,True
idiot somua,1.0,True
go spot idiot,1.0,True
rooco fuck yue mommy,1.0,True
fuck you progetto :))),1.0,True
idiot,1.0,True
full idiot,1.0,True
fuck yue mommy,1.0,True
idiot))),1.0,True
panterra idiot,1.0,True
shit,2.0,True
idiot mediums,1.0,True
damn im not playing my best tank at all tonight :(,0.0,True
fuck off from here,2.0,True
stupid bot,1.0,True
hell yea,0.0,True
fuck u all,1.0,True
shit high ping,0.0,True
why deo u push him back is6 idiot,1.0,True
holy shit,2.0,True
IKV IDIOT NO CAP,1.0,True
yayyyyy shit light yet again,1.0,True
shit char,1.0,True
e50 IDIOT totla,1.0,True
shit bro,1.0,True
dont cut the tree idiot,1.0,True
fuck you team,1.0,True
rhm idiot,1.0,True
"stupid arty , whewre u shot?W",1.0,True
"stupid arty, why u didnt shot to LT ????????",1.0,True
fuck,2.0,True
ALWAYS IDIOT NOOBS IN THE MORNING,1.0,True
conqueror idiot,1.0,True
fuck you snipers,1.0,True
what the fuck,2.0,True
It‘s a damn miracle I tell ya,0.0,True
what an idiot,1.0,True
at idiot monkey,1.0,True
"idiot , monkey reported",1.0,True
scorpion g stupid,1.0,True
go fuck ur self,1.0,True
DAMN GG,2.0,True
YOU TO FUCKIGN STUPID TO BE AS SMART AS A MORON I TAKE IT BACK,1.0,True
holy fuck i just noticed where we all went,0.0,True
IDIOT,1.0,True
punk ass t54 lol,0.0,True
"bc idiot move to C0, shot carnarvon",1.0,True
if ur gonna be a bitch,1.0,True
can u take fingers from the ass and shot?,2.0,True
shit happens,2.0,True
i die like idiot and i just play next game,2.0,True
excelsior get the fuck back and let him come up so we can both shoot?,1.0,True
IDIOT!,1.0,True
IDIOT TD-5!,1.0,True
sit here and let yall fuck em up,2.0,True
useles idiot cant spot F5 passage,1.0,True
pluton1 total idiot,1.0,True
obj idiot,1.0,True
"No, you all just Sucked Ass is all...",1.0,True
T28 idiot uninstull game free bot,1.0,True
"idiot yamato, thx for bloking me",1.0,True
fuck,2.0,True
rigged shit,1.0,True
fuck you man,1.0,True
fuck idiots,1.0,True
just dumb,1.0,True
shit,2.0,True
fck spoter spot idiot,1.0,True
hahaha you are suck stupid kid,1.0,True
idiot xDDD,1.0,True
fuck idiots,1.0,True
just dumb,1.0,True
go fuck yourself behind,1.0,True
ı know how to play idiot,2.0,True
i dont give a fuck to talk to youy anymore,1.0,True
under is shit,1.0,True
this is stupid game,2.0,True
sure idiot,1.0,True
you are idiot,1.0,True
camo crew and exhaust and sum shit,0.0,True
idioti no help fuck red team,1.0,True
thanks stupid tomato platoon,1.0,True
damn,2.0,True
rest dump shit,1.0,True
move idiot,1.0,True
fuck this shit,1.0,True
scared the shit out of me,0.0,True
GO PLAY IDIOT,1.0,True
damn,2.0,True
move your ass,1.0,True
fuck u guys,1.0,True
what the hell,0.0,True
useless shit Kunze,1.0,True
idiot,1.0,True
idiot heavy,1.0,True
damn xD,2.0,True
fuck team,1.0,True
what a stupids shit to do,1.0,True
stupid ru,1.0,True
277 idiot,1.0,True
move youir ass retard,1.0,True
idiot t20/2,1.0,True
ngl. griniding for tanks is pretty ass.,0.0,True
stupid players,1.0,True
99% im right you stupid player never disappount,1.0,True
"i think that is why u playin arty, to talk shit right?",1.0,True
team of shit,1.0,True
fuck de caranavan[,1.0,True
fuck bot,1.0,True
stupid campers,1.0,True
Or your stupid strategy didnt,1.0,True
T-100lt p[iece of shit,1.0,True
ok eat shit,1.0,True
But he cant play cause he‘s dumb af,1.0,True
hoyl shit,2.0,True
stupid top tier heavys ...,1.0,True
useless idiot team,1.0,True
Fuck this shit rng here,2.0,True
idiot Maus,1.0,True
DAMN PLATOON CHAT,2.0,True
Grille 15 big idiot,1.0,True
fuck it,2.0,True
useless bot ass idiots,1.0,True
stupid animals,1.0,True
IS-4 idiot ???,1.0,True
idiot,1.0,True
idiot,1.0,True
you red piece of shit,1.0,True
shit,2.0,True
gg arty idiot,1.0,True
platoon 1 is dumb,1.0,True
total stupid spots,2.0,True
t34 go to hell and uninstal\,1.0,True
stupid fool STA,1.0,True
gg holy shit,2.0,True
how could you can be sow retard ...f you idiot,1.0,True
EBR what the hell do you spot braindead?&quot;,1.0,True
move you f braindead for spot idiot,1.0,True
idiot AMX,1.0,True
shit.....,2.0,True
idiot,1.0,True
fuck up,2.0,True
stupid kids,1.0,True
sag mal du dämlicher scout idiot?? Schießt du wirklich auf nen scheiß kv3 quer über die map???,1.0,True
rng fuck me off,2.0,True
what the fuck,2.0,True
report that stupid asshole,1.0,True
fuck no cover,2.0,True
idiot,1.0,True
fuck u,1.0,True
fuck this game,2.0,True
idiot leo1,1.0,True
idiot foche,1.0,True
damn XD,2.0,True
fuck V4,1.0,True
fuck off asshole,1.0,True
"summary of the day: shit maps, shit MM, gold spammers and moron teams",1.0,True
fuck this crap,1.0,True
amx light idiot,1.0,True
idiot lights,1.0,True
damn i kinda dont care,2.0,True
fuck bishop,1.0,True
"moron,idiot",1.0,True
fu top idiot,1.0,True
fuck em up,1.0,True
Shit.,2.0,True
damn dictating linear scripted absolute garbage map,1.0,True
T 54 mega idiot,1.0,True
very tnk WG battle tier 6 vs tier 8 = shit gamer,1.0,True
ts5 idiot,1.0,True
idiot noob team,1.0,True
i havent done shit lmao,0.0,True
idiot,1.0,True
campers close to base - move ass!!!,0.0,True
And NOT idiot valley!!!,1.0,True
what the hell are you all doing down there if they are shotting us up here,0.0,True
useless shit,1.0,True
shit kk,2.0,True
damn beach boys,3.0,True
FUCK WOT for unvisible ennemies. Who pays WOT! FUCK WOT!,2.0,True
idiot light,1.0,True
fuck this rng dumpster fire game,2.0,True
their 12 ton is a cheating son of a bitch,1.0,True
stupid suicide moves,1.0,True
idiot bc 12r,1.0,True
idiot team,1.0,True
go baaack idiot,1.0,True
thx idiot,1.0,True
FUCK YOU PEE WEE you dirty cock sucker,1.0,True
you are a cock blocking kill stealing shit bag and a cock smoker,1.0,True
HOLY SHIT we have some useless snipers. go home yall,1.0,True
just stupid as bread,1.0,True
lorr idiot..help,1.0,True
idiot,1.0,True
omg... what a stupid team,1.0,True
damn,2.0,True
ho ni you died from being stupid,1.0,True
again kurva jude e25 shit,1.0,True
fuck,2.0,True
idiot vk,1.0,True
SORRY BUT VK&quot;(=! IS IDIOT,1.0,True
idiot,1.0,True
oh damn dream matchup,0.0,True
idiot,1.0,True
fucking idiot camper,1.0,True
damn missed my forst shot,2.0,True
B-C idiot jude,1.0,True
top med top idiot,1.0,True
stupid gun,1.0,True
leo are u stupid,1.0,True
fuck ur braind,1.0,True
PREMIUM GIOLD SHIT CAMP,1.0,True
he is showing his ass,0.0,True
dumb ass,1.0,True
fuck this team,1.0,True
missed bitch,1.0,True
NEXT IDIOT BOT TEAM :),1.0,True
spot idiot,1.0,True
fuck scout the HT,1.0,True
DUMB KUNZE PANSER,1.0,True
idiot,1.0,True
"idiot team,",1.0,True
idiot Lowe,1.0,True
but also go fuck yourself,1.0,True
idiot indien,3.0,True
idiot G 6,1.0,True
idiot,1.0,True
ELC idiot??,1.0,True
EBR Dont to actie shit please,1.0,True
stupid lights,1.0,True
damn,2.0,True
tupid idiot in is 3,1.0,True
"dumb fuck,that s the objective",1.0,True
stupid,1.0,True
shit,1.0,True
su101 and skorp G do sum thing besides shit,1.0,True
KV 5 idiot,1.0,True
udes u blind idiot,1.0,True
total idiot‘,1.0,True
crap my bad,0.0,True
GOD DAMN IT,2.0,True
so sick of this over tiered crap mm teams,1.0,True
idiot team,1.0,True
dont stant behind me idiot,1.0,True
"Tuan, epic idiot",1.0,True
fuck,2.0,True
IDIOT IN T55,1.0,True
bitch,1.0,True
idiot kv,1.0,True
what the hell,2.0,True
char idiot,1.0,True
mega stupid op tanks go bgartaghe idioten,1.0,True
fuck good shit t30,1.0,True
don‘t camp move your ass,2.0,True
"idiot team,",1.0,True
elc idiot pig,1.0,True
lol fukin shit lights,2.0,True
hide debil shit,1.0,True
idiot they r moving toward base,1.0,True
manticore u are shit,1.0,True
waste coming back to idoits like you so sad wg do shit to asshole like you,1.0,True
idiot,1.0,True
move idiot,1.0,True
idiot st V,1.0,True
GOOD JOB IDIOT MORONS,1.0,True
GOOD JOB IDIOT MORONS,1.0,True
damn nice plays,0.0,True
fuck you .I.,1.0,True
stupid sheep‘s,1.0,True
stupid med,1.0,True
don‘t be stupid,1.0,True
idiot,1.0,True
t20 move idiot,1.0,True
idiot v4 ddont blcok ebr!,1.0,True
is 3 fuck you down,1.0,True
FUCK ARTY,1.0,True
U CAN STICK UR ASS UR DAMAGES,1.0,True
damn coward always,1.0,True
fuck cheftain,1.0,True
ut you were an idiot,1.0,True
idiot,1.0,True
crap,2.0,True
didn;t even have the time to write ac4 do not fuck up like your usula,1.0,True
fuck,2.0,True
JPanther idiot,1.0,True
hey stop it idiot,1.0,True
how to loose stupidly ! demonstration by this stupid team!,1.0,True
idiot,1.0,True
who the fuck are you shooting retard,1.0,True
char u idiot,1.0,True
NO E75... i am an IDIOT,1.0,True
but idiot moron,1.0,True
holy shit dude!,1.0,True
fuck team,1.0,True
idiot team,1.0,True
idiot,1.0,True
fuck me,2.0,True
shit,1.0,True
whata shit team. mnext all snipers,1.0,True
move ass ladys,3.0,True
hey skoda you whont bananan??? fucking moneky idiot,3.0,True
MOVE YOU DUMB SHIT,1.0,True
damn,2.0,True
stupid med,1.0,True
are you blind or jsut stupid?,1.0,True
idiot noob,1.0,True
T-103 youre idiot i am on 43 HP cause you kick me back,1.0,True
so stupid,1.0,True
Pz III E you Fixxer Idiot,1.0,True
holy fuck,2.0,True
damn,2.0,True
holy crap 3 arty,0.0,True
stupid moron,1.0,True
ebr is an idiot,1.0,True
damn lemmings,1.0,True
crap,2.0,True
idiot BC... driving everywhhere for nothing,1.0,True
fuck u leo,1.0,True
stupid centurion,1.0,True
caernarvon how dumb are you,1.0,True
move ur ass AMBT,1.0,True
all dumb noobs,1.0,True
stupid med,0.0,True
stop being dumb,1.0,True
tha fuck?,2.0,True
fuck you concept 1,1.0,True
next shit team,0.0,True
run idiot,1.0,True
ho ri shit,1.0,True
"if you‘re shit is rainbow, see a doc",1.0,True
T-832 play idiot !!!!!!!!!!!!!!!,1.0,True
why the fuck is the scout in the middle of the city,1.0,True
shit,2.0,True
play idiot,1.0,True
idiot,1.0,True
shot you mother ass dement t-29,1.0,True
stupid team,1.0,True
shit team,1.0,True
ohg shit,2.0,True
fuck,2.0,True
i did not i lost track stupid,1.0,True
damn he got good cammo,0.0,True
damn coward always,1.0,True
2 idiot scouts,1.0,True
another shit team of useless idiots,1.0,True
fuck you ALL noobs,1.0,True
why this stupid map,2.0,True
no more TD IDIOT,1.0,True
shit,2.0,True
korwa dzxiwki putina all fuck off game suki niemyte,3.0,True
like kv 1s equally stupid,1.0,True
holy shit,2.0,True
damn this tank is paper against tier 9 and 10,2.0,True
amx go idiot#,1.0,True
oooh pussy 277 idiot,1.0,True
fuck,2.0,True
fuck sorry,0.0,True
kv1 at2 pzIVs reported and fuck your moms,1.0,True
"gonna ask my mum tomorrow, how shit oyu were in bed",1.0,True
DUMB KIDS LP,1.0,True
fuck you lefh,1.0,True
shit campers,1.0,True
stupid MT,1.0,True
STUPID E50,1.0,True
STUPID E 50,1.0,True
STUPID MT,1.0,True
fuck,2.0,True
shit team,1.0,True
fuck you,1.0,True
fuck you EBR,1.0,True
fucking bitch,1.0,True
but u too stupid,1.0,True
fuck you,1.0,True
can imbecils from Ukr and rFRU fuck for from eu sever,3.0,True
im so fucking tired of shit teammates,1.0,True
vk 30 you useless idiot wtf are u doing !,1.0,True
you fking idiot vk !,1.0,True
stupid med,1.0,True
idiot,1.0,True
idiot,1.0,True
fuck u tnh,1.0,True
fuck,2.0,True
do me a favor and fuck the Skorpion so hard as you can,0.0,True
"Yeah, Stalowy is really DUMB!",1.0,True
so stupid,2.0,True
idiot T32,1.0,True
idiot game,2.0,True
damn,2.0,True
fuck you putin ho ri,3.0,True
shut up stupid USA,3.0,True
idiot indien panzer,3.0,True
fuck Russia,3.0,True
FUCK OFF IHR SCHWUCHTELN!!!,3.0,True
fuck wg,3.0,True
here not russia idiot,3.0,True
m103 complete useless debil bot shit,1.0,True
look that t100 eating shit ...,1.0,True
tiger idiot...,1.0,True
what a yellowmouth shit on type59?,1.0,True
yea go garage dog stupid,1.0,True
idiot,1.0,True
just idiot,1.0,True
277 ure idiot,1.0,True
report wz 111 idiot mini mañp,1.0,True
skoda is idiot,1.0,True
report that shit in kpz,1.0,True
"we are so lucky that our idiot scout mt 25 was brawling with heavies at start, that saved the game for us",1.0,True
idiot,1.0,True
stupid motherfucking campers,1.0,True
fuck thsi piece of shit of a tank,1.0,True
stupid,1.0,True
"ahaha, talk shit, get hit",1.0,True
all report this fkn 68 idiot,1.0,True
you idiot stay maximum wrong,1.0,True
fuck it cap,1.0,True
sit and shit,1.0,True
idiot... go kill him,1.0,True
FUCK AMX 500 B,1.0,True
telling me to fall back seeing my fucking stuck and not doing shit,1.0,True
team of shit fy,1.0,True
idiot,1.0,True
idiot enemy team,1.0,True
1 idiot,1.0,True
"cs and T54 reported bots, cunts and sons of a bitch",1.0,True
FUCK arty,1.0,True
fukin shit morons,1.0,True
"if you doesn‘t play with gold the battle will be like playing with airgun, fuck you wot",1.0,True
team stupid,1.0,True
go fuck yourself t54!!!!!,1.0,True
gg idiot amx,1.0,True
fuck the bz,1.0,True
fu med shit move,1.0,True
delete game mauss stupid idiot,1.0,True
stupid pidoras,1.0,True
team work u fucking shit,1.0,True
stupid light,1.0,True
idiot kunze,1.0,True
fuck wot,1.0,True
you are just stupid,1.0,True
so that you cant fuck them,1.0,True
you fuck us even harder,1.0,True
what the fuck was even that you bot`,1.0,True
report that useless idiot,1.0,True
BRO SUPER CONQUEROR U IDIOT,1.0,True
stupid fuck,1.0,True
STUPID PLAER,1.0,True
bourasque fuck idiot Nice help,1.0,True
fuck noob team,1.0,True
LÖWE STOP CAMP. FUCKING STUPID,1.0,True
2 idiot mouschen,1.0,True
fuck you,1.0,True
full life mäusschen.. MOVE YOUR ASS!!!,1.0,True
fuck you,1.0,True
you are so fucking stupid,1.0,True
stupid team,1.0,True
I‘m fucking tired of you dumb fuck Mediums camping,1.0,True
idiot spot go paly tetris,1.0,True
t30 idiot bot,1.0,True
drive there idiot,1.0,True
idiot,1.0,True
703 YOU STUPID,1.0,True
lago move idiot,1.0,True
BZ 176 reported bot idiot camper,1.0,True
how stupid you are A,1.0,True
shut up idiot,1.0,True
redline idiot,1.0,True
idiot,1.0,True
u are idiot,1.0,True
o fuck,1.0,True
U SHIT EBR,1.0,True
AMX - just keep fucking Camp! useless piece of shit!,1.0,True
i already know our spotter is piece of shit,1.0,True
what the fuck are you doing bz?!?!,1.0,True
dimaster you stupid fucking cunt,1.0,True
idiot platoon,1.0,True
idiot,1.0,True
move ur ass,1.0,True
fuck WG 8 vs 10,1.0,True
idiot,1.0,True
mouve idiot,1.0,True
spot idiot,1.0,True
bro shut the hell up,1.0,True
youre annoting as hell,1.0,True
mouve idiot,1.0,True
2 idiot,1.0,True
idiot,1.0,True
thx t95 for blocking you idiot,1.0,True
STUPID ANIMAL,1.0,True
COBRA IDIOT,1.0,True
fuck you guys,1.0,True
idiot strv,1.0,True
you winn idiot,1.0,True
camper idiot,1.0,True
"t29 you are f,,,,,shit players",1.0,True
You stupid cunt,1.0,True
fuck you wg,1.0,True
fuck match maker,1.0,True
are you stupid,1.0,True
idiot lt,1.0,True
moooove idiot,1.0,True
f**** retard idiot noob Udes,1.0,True
idiot,1.0,True
bisonte idiot,1.0,True
best idiot ever,1.0,True
damn tomato,1.0,True
idiot,1.0,True
e100 idiot,1.0,True
TEAM IDIOT DEBILE,1.0,True
FUCK YOU ALL team\dddwwwwwwwww,1.0,True
next stupid team,1.0,True
renegade are you ill or stupid,1.0,True
top heavy camp by arty...are you ill or dumb,1.0,True
idiot ptogetto,1.0,True
stupid bot,1.0,True
tigfer2 fuck you retard bot,1.0,True
e 4 --- moove *** stupid,1.0,True
KanJPz delete the game idiot,1.0,True
shit dumb campers,1.0,True
2 cracks so stupid,1.0,True
AT 8 look minimap idiot,1.0,True
fuck you idiot PZ IIIJ,1.0,True
fuck you kv 85,1.0,True
ass shot...never turn on ur frens...lol,1.0,True
fucking idiot,1.0,True
stupid centurion,1.0,True
maybe u should play idiot,1.0,True
FUCK YOU ALL LEFT SIDE,1.0,True
plz fuck him up arty,1.0,True
idiot z,1.0,True
how about fuck you,1.0,True
-1 shit idiot bot,1.0,True
fuck team,1.0,True
Panther YOU STUPID ***,1.0,True
hwk 12 is the best plyer in wot....f*** idiot,1.0,True
idiot,1.0,True
fuck you arty in ass,1.0,True
t25 idiot,1.0,True
for fuck sakes i am stuck,1.0,True
bc play tetris u idiot,1.0,True
"cu , shit wg",1.0,True
SKODA U idiot go cap,1.0,True
T57 are you idiot ?,1.0,True
best idiot t57,1.0,True
idiot,1.0,True
Pawlack Tank player you are so stupid. go out of wot,1.0,True
fuck you,1.0,True
idiot,1.0,True
fuck rng,1.0,True
AMX 30 FUCK YOUR MOM,1.0,True
GJ STUPID NOOB KIDs,1.0,True
vz idiot,1.0,True
again this bitch?,1.0,True
shut the fuck up and play,1.0,True
m4 being alil bitch,1.0,True
fu your stupid mother,1.0,True
fu idiot,1.0,True
nope we are a dumb team,1.0,True
shark44 what a fuck u doing,1.0,True
stupid ship,1.0,True
ELC u are really usefull there dumb IDIOT,1.0,True
this arty support was SHIT,1.0,True
idiot team fu,1.0,True
fuck 2 arty :),1.0,True
idiot,1.0,True
9 line...read the damn map please,1.0,True
arta shit mongol,1.0,True
can imbecils from Ukr and rFRU fuck for from eu sever,1.0,True
stupid players,1.0,True
dumb clowns,1.0,True
wow what an idiot gameplay,1.0,True
fuck you all,1.0,True
for fuck sakfe push that t57,1.0,True
fuck rng,1.0,True
idiot,1.0,True
idiot,1.0,True
idiot,1.0,True
stupid idiots,1.0,True
idiot,1.0,True
fuckiking ass team,1.0,True
idiot team,1.0,True
fuck you,1.0,True
fkin worthless ass fckin retards,1.0,True
players and mm today are total shit,1.0,True
ISU its f idiot,1.0,True
SHOOT THE DAMN CHAR,1.0,True
stupid team,1.0,True
fuck u team,1.0,True
fast idiot,1.0,True
fuck support,1.0,True
Shark move your stinking ass,1.0,True
fuck more stupid,1.0,True
fuck them,1.0,True
shut the fuck up please,1.0,True
fucking idiot,1.0,True
stfu idiot,1.0,True
"HX for that ""fair"" MM - FUCK YOU WoT, no happy Birthday, hope you bust with all your Business!",1.0,True
what a total idiot team,1.0,True
obj what the fuck are you doing here???,1.0,True
stupid med,1.0,True
stupid med,1.0,True
fuck you,1.0,True
kari you idiot,1.0,True
stupid med,1.0,True
type 61 you idiot,1.0,True
IDIOT kvé §,1.0,True
idiot KV2... coward player,1.0,True
idiot team,1.0,True
idiot t34,1.0,True
best idiot t34-85,1.0,True
fuck off vz,1.0,True
832 total idiot,1.0,True
FUCK OFF ALL,1.0,True
youre a idiot,1.0,True
gg idiot elc,1.0,True
fu idiot dcorpion,1.0,True
fcking idiot dont bloc me,1.0,True
idiot AMX,1.0,True
wathjc hte map u god damn bots iwht heavy tankls,1.0,True
idiot,1.0,True
idiot camper,1.0,True
dumb dumb GUARD,1.0,True
arty is an idiot,1.0,True
Camper IDIOT A3,1.0,True
such a piece of shit tank,1.0,True
Rautakontti idiot,1.0,True
E75 idiot camper,1.0,True
E 75 idiot move,1.0,True
bz 176 mov idiot camper,1.0,True
idiot,1.0,True
another dumb,1.0,True
idiot,1.0,True
idiot e 100,1.0,True
churchill you are the best idiot in this game,1.0,True
u bitch,1.0,True
move stupid TD camper,1.0,True
idiot kpz,1.0,True
jude you are a dumb twat,1.0,True
t100 idiot,1.0,True
t100 you idiot,1.0,True
for play like idiot,1.0,True
caernvon idiot,1.0,True
thx idiot,1.0,True
Pudel Idiot K 6 -9,1.0,True
dumd ass elc,1.0,True
gg vz idiot,1.0,True
are you so dumb ?,1.0,True
hill move idiot,1.0,True
ALL IDIOT TD,1.0,True
vz fu idiot,1.0,True
fuck off,2.0,True
god damn it,0.0,True
shoot skoda ass,0.0,True
damn,0.0,True
damn,0.0,True
i carry your ass,0.0,True
only because the other team got really stupid,0.0,True
god damn,0.0,True
damn,0.0,True
hell cat go kill 1%,0.0,True
what shit top tier,0.0,True
yo shit,0.0,True
lets play like a team and win this shit,0.0,True
damn,0.0,True
idiot heavies,0.0,True
oh shit,0.0,True
nice move hell cat,0.0,True
"Crap, did not pay attention, should be usin the other set up for this match lol",0.0,True
go whip some ass crommies,0.0,True
hide lower plate his pen is shit,0.0,True
time to shit or get off the pot Steyr,0.0,True
holy shit,0.0,True
i have a shit game,0.0,True
no u r smart as fuck lol,0.0,True
damn :/,0.0,True
"stay at spawn, fuck em",0.0,True
fucking hell that was lucky of him,0.0,True
im creat cross fire you dumb fucker in arta,0.0,True
holy fuck man,0.0,True
fuck wrong tank....,0.0,True
move ass,0.0,True
"lol, after 100k EXP FIRST TIME crap prince at top xD",0.0,True
maybe my stupid move can do something :D,0.0,True
idiot,0.0,True
get to the case damn,0.0,True
damn turret,0.0,True
saved the damn game,0.0,True
damn,0.0,True
shit,2.0,True
fuck,2.0,True
fuck,2.0,True
hwk spot idiot,1.0,True
FUCK them,1.0,True
how the fuck is he unspotted,2.0,True
this gun is so ass,2.0,True
and some people whine and bitch about colors and mm all day,0.0,True
damn,2.0,True
stupid lag,2.0,True
the shit,2.0,True
fuck,2.0,True
fuck off,2.0,True
god damn,2.0,True
shit,2.0,True
FUCK,2.0,True
fuck off,2.0,True
fuck,2.0,True
tds have crap spotting range :/,2.0,True
fuck,2.0,True
fuck,2.0,True
fuck off,2.0,True
fuck off,2.0,True
fuck,2.0,True
shit,2.0,True
absolute shit,2.0,True
HOLY CRAP,2.0,True
fuck off,2.0,True
thank god theyre more dumb than us,2.0,True
FUCK,2.0,True
we are dumb,2.0,True
damn scout‘s,2.0,True
fuck lags,2.0,True
total shit,1.0,True
t32 wait for taht idiot at line A,1.0,True
damn those snipers,2.0,True
dumb af.,2.0,True
fuck,2.0,True
that was dumb,2.0,True
damn thing is invisble,2.0,True
damn gg,2.0,True
stupid light,2.0,True
fuck,2.0,True
Whole platoon and that 103 holy shit,1.0,True
140 idiot,1.0,True
gj cs for blocking elc idiot,1.0,True
and cuz they are dumb we have to lose?,2.0,True
i see that shit,2.0,True
idiot scorpion,1.0,True
i am stupid,2.0,True
this just shit,2.0,True
fucking hell. Why am I lagging so bad.,2.0,True
shit,2.0,True
holy shit strv,2.0,True
war gaming is shit we must lose,2.0,True
how the fuck did I not pen lower plate,2.0,True
fuck i have a bright yellow camo...,2.0,True
ya and i am sure you tank and crew is shit,1.0,True
fuck it,2.0,True
u stupid?,1.0,True
holy fuck,2.0,True
what the fuck,2.0,True
damn,2.0,True
"fuck this game, just minrolled",2.0,True
why the fuck am i so un fucking lucky,2.0,True
let me kill bitch arty,2.0,True
the pen is shit,2.0,True
boring shit,2.0,True
"lights win the game or lose it, we got crap from ours",2.0,True
for my sins i cant cover shit lol,2.0,True
fuck me,2.0,True
"just go sleep, its shit sniper camp",2.0,True
oh well. fuck this map,2.0,True
why do you push idiot?,1.0,True
how the fuck am i supposed to play the game when i get a map i never knew and when i get immediately killed on,2.0,True
aw shit here we go again,2.0,True
god damn it,0.0,True
you idiot,1.0,True
fuck that arty,2.0,True
damn,0.0,True
lt u idiot ?,1.0,True
spot idiot,1.0,True
"TVP, idiot noob",1.0,True
idiot,1.0,True
is is an idiot xd,2.0,True
oskar stupid,1.0,True
loserssss fuck u nall,2.0,True
t30 idiot bot,1.0,True
idiot BZ,1.0,True
campers either shit or get off the pot and do something,0.0,True
i played like shit,2.0,True
t34 fuck you,1.0,True
vz 44 1 is shit,1.0,True
holy crap what a game,0.0,True
idiot,1.0,True
e 75 ts u are idiot ever,1.0,True
a big pile of shit,1.0,True
"Oh shit, do i need to move, i couldnt see the map when game started, had ads",0.0,True
shit,0.0,True
damn,0.0,True
fuck wg,0.0,True
idiot* camp more,1.0,True
total shit,1.0,True
holy shit,0.0,True
dumb idea,2.0,True
fuck,2.0,True
idiot Wt,0.0,True
TY FUCKING IDIOT,1.0,True
italian td players so dumb,0.0,True
S Conq u r a piece of shit,1.0,True
Idiot go and kill 277,1.0,True
F************** shit,1.0,True
CS you fucking IDIOT what are you waiting for,1.0,True
amd your view range is crap - wake up,0.0,True
no dude fuck you shoot something i spot,2.0,True
this tank is epic shit,1.0,True
fuck this,2.0,True
ARTY MOVE YOUR ASS,1.0,True
cant hit shit for fucks sake,1.0,True
mind you my long ass reload,0.0,True
idiot,1.0,True
Pnz4 u fucking idiot,1.0,True
idiot,1.0,True
HELL CAT MOVE NOOB,1.0,True
damn,0.0,True
damn it,2.0,True
shit,2.0,True
idiot,1.0,True
FUCK,2.0,True
move your fat ass reb baron,1.0,True
he is a idiot,1.0,True
you fucking idiot,1.0,True
black prince move your ass here now,1.0,True
skorpion idiot...,1.0,True
Strv You're an IDIOT,1.0,True
A STUPID FCKN ******** IDIOT,1.0,True
THERE YOU GO STUPID,1.0,True
stupid dog,0.0,True
fuck,2.0,True
but he is too stupid to understand,1.0,True
fuck,2.0,True
tortoise stupid retard,1.0,True
spot idiot,1.0,True
idiot camper scout,1.0,True
next IDIOT team - coll MM,1.0,True
omg IDIOT wolverine,1.0,True
"all for one side, is stupid",1.0,True
we gonan fuck this team,1.0,True
alls report wt fuck,1.0,True
churchill gc ass isnt it,2.0,True
god damn kv2,2.0,True
someone fuck that nigga up please,3.0,True
oldest stupid map,0.0,True
damn,0.0,True
idiot 260,1.0,True
omg fuck biggest noob team,1.0,True
nicalo idiot and all,0.0,True
rush his ass,0.0,True
gg hell,0.0,True
idiot hellcat\,1.0,True
calling me idiot yet i go in and u still sit there.... whos the idiot now E75 :D,1.0,True
idiot go sleep,1.0,True
fuck,2.0,True
lol you see this wz not but mini map is new for you idiot,0.0,True
fuck,2.0,True
i hate this shit MM,1.0,True
IDIOT,1.0,True
i had mission idiot,1.0,True
cry sos idiot,1.0,True
no camper idiot,1.0,True
fuck you RNG,0.0,True
stupid light,2.0,True
BLack you idiot,1.0,True
idiot,1.0,True
elc fuck,2.0,True
you are stupid,1.0,True
move idiot,1.0,True
fuck you,1.0,True
damn nice elc,0.0,True
ts idiot,0.0,True
all hell is about to break loose,0.0,True
why you even play the gaem you dumb *****,2.0,True
fuckin hell,2.0,True
"im the idiot with 10k spot, but sure its all my fault",2.0,True
you idiot,1.0,True
you idiot ?,1.0,True
waldgeist idiot,1.0,True
ty for pushing idiot,0.0,True
stupid bastards,1.0,True
stupid idiots,1.0,True
damn he has a nice game\,0.0,True
FU idiot unskill,0.0,True
FUCK ALL CANCER CAMPERS LOL OBOTOMS OF CANCERGAMING xDDD,1.0,True
char gooo idiot,1.0,True
idiot on hilll,1.0,True
fuck you amx,1.0,True
AMX Idiot,1.0,True
you suck ass,1.0,True
bz idiot,1.0,True
move yuor ass,1.0,True
******** stupid camping *********,1.0,True
gooooooooooo son of bitch !!!!!!!!!!!!!,1.0,True
fuck,2.0,True
Fuck,2.0,True
stupid *** ST1,1.0,True
fuck team,0.0,True
WHAT THE FUCK GUYS,1.0,True
almost ENTIRE team go one side and then managedto get ass raped... cunts,3.0,True
go fuck their arty,1.0,True
fuck this rng pos game,0.0,True
holy shit E50 flank,0.0,True
red shit,3.0,True
none saw that shit,2.0,True
this 703 is a idiot,1.0,True
payback bitch,1.0,True
idiot is 7,1.0,True
shit teamwdwddamn our players are BAD!!,1.0,True
Did my part with this stupid team.,1.0,True
they dumb,2.0,True
sick of losing from crap teams,0.0,True
"damn, my team is afk",0.0,True
fuck em,2.0,True
idiot tiger I,1.0,True
this is a shit tank fyi,2.0,True
shit,2.0,True
you are idiot,1.0,True
big idiot,1.0,True
this tank is dumb,2.0,True
dark go hom idiot,1.0,True
gg lemming shit,1.0,True
fuck,2.0,True
"94,99 % gm this fuck me so hard :/",1.0,True
damn all the heavies are running,0.0,True
this thing is too shit to warrant effort,2.0,True
this op shit,1.0,True
su fu idiot,2.0,True
u f dirty idiot,1.0,True
you are the Idiot from beginning at this game ..Report and shut up,1.0,True
idiot,1.0,True
push othre idiot,1.0,True
268 4 idiot,1.0,True
churchill idiot,1.0,True
stupid team,1.0,True
me dmg 1824 stupid team,1.0,True
u 2 tiers up idiot and are killed by the same of me my dear pro!,1.0,True
stay on hill without spoting hill is stupid,0.0,True
wtf where u going idiot,1.0,True
Fu Idiot!!!,1.0,True
idiot team,1.0,True
"dumb meds,no lights meds must take task",0.0,True
idiot,1.0,True
Stupid *** You kept trapped me from going up,1.0,True
u run away like bitch,1.0,True
lol that is-2 is dumb,2.0,True
where the fuck did he even hit me at,1.0,True
what the hell was that ELC doing?,1.0,True
sta Reeport idiot,1.0,True
idiot team,1.0,True
now fuck off,2.0,True
how could you die on that little shit mate,1.0,True
Thanks idiot for blocking,1.0,True
Super Hellcat = Super Idiot???,0.0,True
push left vs 15 enemys damn po9lish style never win war,3.0,True
amx so f stupid,0.0,True
"damn, my team is afk",0.0,True
fuck em,2.0,True
what an idiot,1.0,True
252u the same shit,1.0,True
OBJ 777 IDIOT RETARD,1.0,True
the fuck hit where the green was and never did anything fuck sakes,1.0,True
idiot,0.0,True
fuck you wg,1.0,True
stupid team,0.0,True
kv3 move ass,0.0,True
"dumb meds,no lights meds must take task",1.0,True
idiot,1.0,True
total idiot,1.0,True
now you can fuck off,1.0,True
so shit team,1.0,True
703 delete wot retard imbecil idiot,1.0,True
report idiot bot inactive Indien Pz,1.0,True
arty hit that fuck,1.0,True
stupid meds,1.0,True
no shoots idiot,1.0,True
GET THE FUCK OFF,1.0,True
YOU CRAZY BITCH,1.0,True
he's an idiot,1.0,True
im tired of this stupid rng of shit,1.0,True
fking game of shit,1.0,True
stupid critical hit,0.0,True
fuck him,1.0,True
"2 liht 1 pleis, fuck idiot",1.0,True
eat shit,2.0,True
black nigger shit,3.0,True
report this idiot please,1.0,True
703 go defend cvap idiot you ahev the best tank,0.0,True
useless shit,1.0,True
team idiot,1.0,True
stupid morons in platoon 2,1.0,True
idiot,1.0,True
idiot,1.0,True
idiot,1.0,True
fuck you conw,1.0,True
stupid teammates,1.0,True
don't be dumb ffs,1.0,True
t34 85 m bitch,1.0,True
what a piece of crap team,1.0,True
fuck off,2.0,True
idiot,1.0,True
xd fck shit mm,1.0,True
stop this shit fker,1.0,True
gg stupid,1.0,True
shit,1.0,True
pin is shit,1.0,True
"ape shit(121b) reported,fcking camper",1.0,True
fkn idiot,1.0,True
elc you're so dumb dude,1.0,True
he ran up on him then didnt even pop his ass lol,0.0,True
holy shit,0.0,True
idiot,1.0,True
3 times i take shoot because you block me fuck you IS6 good die idiot,1.0,True
cocknoob idiot all heavys,1.0,True
idiot noob shit pőlayers,1.0,True
damn arty,0.0,True
how the fuck you let them push mid,1.0,True
what a dumb game lol,0.0,True
this op shit,1.0,True
fuck u 704,0.0,True
shit,0.0,True
dumb,2.0,True
damn what now,0.0,True
fuck],0.0,True
dumb ass fuk,0.0,True
arty idiot,1.0,True
bitch,1.0,True
fuck you leo,1.0,True
what the fuck are you doing,1.0,True
hellcat you idiot?,1.0,True
what the fuck ???,1.0,True
cant be this stupid,1.0,True
blind shit,1.0,True
fuck off dude,2.0,True
omg idiot,1.0,True
4 idiot on one place,0.0,True
move you stupid FULL HP SHIT,1.0,True
idiot,1.0,True
of course i mean FUCK THIS GAME,2.0,True
faking hell,2.0,True
stupid kids grow up,1.0,True
amx you stupid idiot,0.0,True
move bitch,1.0,True
t103 faggot fuck off,3.0,True
stupid shit,1.0,True
dumb team of fuckign cmaperrs,1.0,True
dumb centurion,2.0,True
fuck off campers,0.0,True
DS-FULL HP !!!!!!!!!!!!!!!!!!!!!!!!PLAY BIG IDIOT !,1.0,True
you stupid pieces of shit,1.0,True
idiot hellcat,0.0,True
ypi idiot vk,1.0,True
Shit up punk,1.0,True
damn I'm a good decoy,0.0,True
what a dumb game lmao,2.0,True
MOVE YOUR ASS CAMPERS!!!!,1.0,True
gg team snipe shit,1.0,True
u fucking bitch go play minecraft looser,1.0,True
stupid monogl with I8Q0,3.0,True
stupid mid,1.0,True
fuck campers,1.0,True
stsndard tou idiot run!!!,1.0,True
idiot,1.0,True
idiot,1.0,True
fking idiot,1.0,True
are you so stupid ?,0.0,True
arta are you alive idiot?,1.0,True
why the fuck,2.0,True
yuo idiot,1.0,True
fuck y ambt,1.0,True
fucking piece of shit,1.0,True
fuck off bot platoon,0.0,True
idiot,1.0,True
fuck y&lt;our mom idior,1.0,True
fuck you e4,1.0,True
go to hell idiot,1.0,True
260 fuck you idiot,1.0,True
this fuck arty is just focus me lol,0.0,True
"Lion FUCK u, just push these 2 tanks out",1.0,True
idiot obj,1.0,True
idiot,1.0,True
IS idiot gogogo,1.0,True
Tiger idiot you will not play so ge cap,1.0,True
shit but GG and GJ,2.0,True
another crap team,1.0,True
crap,0.0,True
******* STUPID ********,1.0,True
stupid Manti go spot u...,0.0,True
GO STUPID SPOTH,1.0,True
and the lemming idiot tds,1.0,True
same shit whole game...,0.0,True
stupid t110 delete game idiot,1.0,True
kpz idiot,1.0,True
stupid retard campers,0.0,True
IDIOCI FUCK YOU PIZDY JEBANE,1.0,True
T-150 idiot,1.0,True
2 arty noonce of the shots NRG fuck you,1.0,True
idiot,1.0,True
why the fuck u pushed me,0.0,True
loose it fast so I can use this tank with average human being instead of *** dumb apes,1.0,True
e3 idiot no have keyboard,1.0,True
stupid dumb idiot,1.0,True
thx for help 2 idiot camper noob,1.0,True
arl 44+ kv 1 s 2 noob idiot,1.0,True
