author,flagged
show-me-your-ass,True
Shit-Post-Throwaway,True
i-fuck-cats,True
Only-Shit-Posts,True
Idiot-SAvantGarde,True
bootleg-ass-rb26dett,True
1-800-EAT-SHIT,True
1-888-FUCK-YOU,True
Ass-blasters-stalker,True
what-the-bitch,True
fuck-aafes,True
distubing-bitch,True
FUCK-r-NBA,True
shit-rope,True
Perfect-shit-storm,True
Shit-Smear,True
Fuck-Q,True
Fuck-u_spez,True
Too-Old-4-this-shit,True
chess-bitch,True
idiot-monkey,True
I-fuck-horses,True
Tell-Me-To-Fuck-Off,True
Oh-shit-a-ninja,True
fuck-you-peter,True
FUCK-THEDONALD,True
Is-this-guy-an-idiot,True
shit-shit-shit-shit,True
hitlers-bitch-tits,True
Cuck-My-Shit-Up,True
Hell-Yeah,True
stupid-shithead,True
shit-code,True
Stringer-Hell,True
stairway-to-hell,True
Fuck-A-____-Nigga,True
Hell-Sd,True
Fuck-F-Usernames,True
Shit-on-my-tits,True
Shit-Analogy,True
drive-thru-bitch,True
hot-ass-halfrican,True
Callingbull-shit,True
fuck-me_sideways,True
tired-of-this-shit,True
bitch-ass_cunt,True
Hell-is-Heaven,True
fuck-your-logic,True
Idiot-extraordinaire,True
fuck--monkey,True
An-ass-hole,True
shit-apples,True
lb-ass,True
made-dumb-choices,True
We-Should-Fuck,True
shit-out-of-luck,True
Fuck-TrappedinReddit,True
Follow-Me-To-Hell,True
downvote-me-to-hell,True
Dumb-idiot,True
Boss-Ass-Weeb,True
Goat-Bitch,True
loves-big-ass,True
BAJA_BL-ASS-T,True
no-dumb-questions,True
shit-tiertranslator,True
tipping-is-dumb,True
-god-damn-it-,True
Village-_-Idiot,True
horny-as-shit,True
ASS-BURGERS123,True
blue-ass-shoes,True
Shit-Dawg,True
Damn-What-A-Bitch,True
thisnamewasnot-fuck,True
Ass-as-in-Bird,True
fuck-tumblr-feminist,True
The-Stupid-Husband,True
PM_Me-your-ass,True
shit-on-my-butt-plug,True
hey-ass-butt,True
Shit-a-Rhino,True
hat-of-an-ass,True
ass-assson,True
your-resident-idiot,True
explains-shit,True
FUCK-HEARINGAID-BOT,True
damn-scroungers,True
Fuck-The-Mod5,True
IDIOT-ZIONIST-ZOMBIE,True
Hell-Walker,True
I-am-a-damn-sinner,True
Idiot-Warranty,True
ass-pen,True
ImAnAsshole-Damn,True
fuck-sake-argh,True
fuck-my-rhythm-up,True
ghost-ass,True
PM-ME-YOUR-CUTE-ASS,True
Ima-damn-bean,True
Fuck--y-o-u,True
Shit-Snake,True
dumb-artist,True
princess-ass,True
lovable-idiot,True
I-SHIT-KARMA,True
ass-tro,True
idiot-bitch,True
sad-ass,True
shut-the-fuck-up-fag,True
just-talking-shit,True
a-village-idiot,True
Animal-Idiot,True
ya-okay-fuck,True
just-some-idiot,True
High-As-Fuck-,True
iamadumb-ass,True
Stupid-Lil-Brother,True
Ass-Dwelling-Jew,True
thicc-ass,True
dumb-featherer,True
Bourgeois-As-Fuck,True
Fuck-FucTheLeechKing,True
wide-eyed-stupid,True
Ratatatataoull-bitch,True
settle-the-fuck-down,True
stupid-fucking-rope,True
Hillary-Clintons-Ass,True
hepa-tight-ass,True
takin-a-shit,True
That-Weirdo-Bitch,True
crap-zapper,True
FUCK-THE-REDDIT-MODS,True
16-bitch,True
seeing-eye-bitch,True
pm_me_dat-ass,True
one-damn-minute,True
Is-idiot,True
fuck-captcha,True
Booboo-kitty-fuck,True
STUPID-TRASH-NlGGERS,True
Shit-Faced-Poop,True
eat-donkey-shit,True
why-the-hell-not,True
Fuck-the-Cowboys,True
Half-Chaste-Ass,True
bubblegum-bitch,True
TURBO-BITCH,True
dumb-upvote-a-day,True
ass-worms,True
throw-the-fuck-away-,True
sassy-ass-sauce,True
ASS-WC,True
Sorta-An-Ass,True
fuck-yeah-guy,True
I-wipe-my-own-ass-,True
Ass-key,True
flips-his-shit,True
i-knit-shit,True
Dumb-bitch,True
dumb-soley,True
Truth-Hurts-Bitch,True
Left-handed-idiot,True
stankin-ass-bitches,True
ass-car,True
nic-cool-ass-cage,True
hell-kitten,True
long-ass-rice,True
FUCK-Y0U,True
w-t-fuck,True
Harddrivehead-ass,True
crap-o-matic,True
cheating-bitch,True
Dani-hell,True
GOD-FUCKIN-SHIT,True
Midas-of-Shit,True
fuck-this-video,True
draws-shit,True
fart-is-gas-out-ass,True
Damn-hell-ass-king,True
Fuck-Your-Nan,True
BOY-MAN-GOD-SHIT-,True
talk-my-shit-again,True
ass-sneeze,True
Ass-n-Eggs,True
fuck-me-fuck-you,True
Shit-in-your-eyes,True
sharks-n-shit,True
i-aint-no-bitch-chef,True
fuck-wits,True
le_rabbit-bitch,True
cunt-fuck,True
Skank-ass-skank,True
fuck-that-asshole,True
I-repeat-shit,True
damn-big-pharma,True
PM-ME-YOUR-ASS-GIRLZ,True
ass-ertain,True
youre-an-ass-hat,True
ASS-HAMMER,True
Fuck-It_I-Quit,True
peace-of-shit,True
punkass-bitch,True
fuck-buttons,True
Deal-with-it-bitch,True
1-800-Hell-No,True
SHIT-SHIT-FUCK-SHIT,True
complete-dumb-luck,True
Hell-O-Kitty,True
Idiot-Sand,True
Two-Faced-Fuck,True
ass-_-assassin,True
Stop-Staring-Stupid,True
you-are-stupid,True
-Village-Idiot-,True
fuck-10,True
cloudy-with-ass,True
future-ex-idiot,True
stupid-scientist,True
Shit-ler,True
I-want-a-slut2-fuck,True
stupid-fat-idiot,True
giant-ass-susan,True
o-shit-waddup,True
Blah-bitch,True
PM-ME-YOUR-ASS-PIX,True
PEPPY-AS-FUCK,True
weird-ass-anime-tits,True
Im-kinda-dumb,True
fuck_that-shit,True
bitch-bitch-bitch,True
-fuck-the-habs-,True
Fuck-The-Paolice,True
idiot-loser,True
Fuck-You_Guy,True
JayFresh-as-Fuck,True
fuck-kids,True
hell-frozen-rain,True
Varus-Please-Fuck-Me,True
dumb-velociraptor,True
Ur-opinion-is-stupid,True
Flosses-his-ass,True
shit-blender,True
fuck-forgot_my_pass,True
you-eat-shit,True
Get-Downvoted-Bitch,True
bat-shit-crazy,True
fuck-him,True
Johann-ass,True
Ass-Destroyer69,True
Names-are-stupid,True
what-the-hell---,True
Sweet-Hell,True
-Fuck-Drumpf-,True
Fuck-digg,True
Fuck-Satan,True
1-800-I-EAT-ASS,True
dick-city-bitch,True
Eng-Hell,True
Stupid-mark,True
satan-stole-my-ass,True
fuck-nationals,True
fuck-a-da-police,True
In-every-damn-thread,True
SHIT-CUNT,True
Stop-Posting-Crap,True
Bull-Shit-,True
Idiot-Gamer115,True
never-fuck-a-fattie,True
Your-A-BItch,True
our-hell,True
drink-milk-kick-ass,True
Ass-CrackBandit,True
Bitch-Cake,True
janga-is-the-shit,True
bitch-love-in-whore,True
it-rains-in-hell,True
Aqua-Fuck,True
Ugly-Ass-Bitch,True
this-place-is-hell,True
tongue-in-ass-cheek,True
Like-A-Damn-Boss,True
Fuck-_-Me,True
fell-from-hell,True
Anti-Stupid-club,True
dumb-as-a-post,True
Bitch-Im-Fabulous,True
Crap-Artist,True
yeeegz-is-an-idiot,True
intensely-stupid,True
Says-stupid-shit,True
Hell-Copters,True
crap-abble,True
so-sick-of-this-crap,True
that-bitch,True
ASS-CROUTONS,True
fuck-orbixx,True
Shit-For-Brains,True
super-ass,True
just-a-stupid-throw,True
Hell-Yeah-Im-Gay,True
What-The-Fuck-Dude,True
Ass-Butt,True
stupid-birds,True
ass-man-,True
Angry-ass,True
Depression-isa-BITCH,True
PM-ME-YO-BITCH,True
so-stupid,True
FUCK-YOUR_PUNS,True
STUPID-GUY,True
fuck-all,True
Fuck-it_why-not,True
skip-class-eat-ass,True
fuck-r-politics,True
Hell-A-Throwaway,True
stupid-cpu-user,True
I-GM-shit,True
shit-talk-4-karma,True
Farts-N-Shit,True
smells-like-shit,True
Ass-systole,True
youre-a-fat-idiot,True
LIKE-I-GIVE-A-FUCK,True
pain-bitch,True
Qq-bitch-r-u-dumb,True
coin-ass,True
jerk-ass,True
umberto-van-damn,True
fuck-you-bronie,True
fuck--the--celtics,True
hell-books,True
Who-gives-a-fuck,True
poopy-ass,True
I-Shit-The-Bed,True
Ass-n-tiddies,True
hell-ena,True
pussy-bitch,True
Bitch-isthe-newblack,True
edol-ass,True
oh-shit-man,True
You-a-Bitch-Nigga,True
ffs-u-ass,True
Angel-from-hell,True
fuck-the-shut-up,True
Fuck-Mexicans,True
FUCK-MY-ENEMIES,True
d-d-d-damn-son,True
shit-I-justfuckedup,True
what-the-hell-dude,True
ass-man64,True
Hell-is-dead,True
TIL-You-Is-A-Bitch,True
mean-ass-beard,True
humble-Idiot,True
dick-shit,True
fuck-lunar,True
cunt-faced-bitch,True
fuck-you-trump,True
ass-rocket,True
TheWickedWitch-Bitch,True
ha-burn-in-hell-jew,True
Anusless-asS,True
dumb-question-police,True
horse-shit,True
SHUT-THE-HELL-UP,True
stupid-screen-name,True
fuck-tyler,True
HeLL--throwaway797,True
dumb-bf,True
Fuck-this_Username,True
SHIT-TO-SAY,True
bela-the-bitch,True
Fuck-Fuck,True
holy-shit-no,True
Shit-Posting,True
dumb-gay-throwaway,True
Fuck-Reddit-Mods,True
ELI5-How-to-Shit,True
Fuck-Im-Old,True
dumb-bitc,True
I-SHIT-ON-rPOLITICS,True
Hell-billy,True
WHAT-THE-SHIT,True
Ass-crab,True
dumb-question-acc,True
idiot-anxiety,True
Oh-Shit-Its-An-Orc,True
The-Iron-Ass,True
Trumps-is-a-Bitch,True
Fuck-The-IRS,True
oh-what-damn,True
freezing-hell,True
He-Burned-Your-Ass,True
inquisitive-idiot,True
Going-to-hell,True
yo-bitch,True
bitch-thank-you,True
dont-give-a-fuck,True
Lord-Of-Shit,True
oh-shit-lmao,True
----------------fuck,True
Thunder-ass,True
No-IAmA-Damn-Liar,True
fuck-yeah-lasagne,True
FUCK-your-FUCK,True
ugh-fuck,True
Random-as-FUCK,True
fuck-the-itinerary,True
Always-says-fuck-you,True
eyy_go-fuck-yaself,True
rockstar-is-shit,True
----Fuck---You----,True
I-FUCK-BEES,True
Bitch-chan,True
fuck-your-sub,True
fuck-the-birds,True
My-ass-is-grass,True
A-Shady-Ass-Dude,True
Idiot-Kuma,True
miserable-bitch,True
-_---Fuck---_-,True
stupid-ppl,True
100-Type-Bitch-Slap,True
Swamp-Ass-Argonian,True
--SHIT-DAWG--,True
mods-suck-shit,True
Hey-you-little-shit,True
Damn-And-Blast,True
something-stupid-so,True
Triple-ass-sandwitch,True
stupid-virgin,True
The-Stupid-Question,True
uhh-hey-idiot,True
fuck-all-orochi,True
Captain_Kick-Fuck,True
annoying-ass-fuck,True
Crap-attack91,True
fuck-you-OP,True
The-Frisky-Bitch,True
-Doctor-Stupid-,True
dumbest-ass,True
thats-fucking-stupid,True
Fuck-sleep-paralysis,True
Hell-O-Joe,True
Woke-ass-memes,True
extra-lazy-fuck,True
argh-damn,True
Fuck-the-mods-kys,True
try-me-bitch,True
Fuck-Your-Grammar,True
fuck-my-life-guys,True
emma-ass,True
because-fuck-u,True
Fuck-Up-O-Shut-Up,True
tiny-pants-bitch,True
Humans-are-Stupid,True
holey-crap,True
its-a-shit-in-a-box,True
fuck-your-upvotes,True
Front-Ass,True
whoop-ass,True
Heisenberg-Bitch,True
young-dumb-reckless,True
Fuck-Salt-,True
fuck-podium-apps,True
go-fuck-yourself_,True
pm-me-ass-n-tits,True
PUNK-ASS-BITCH,True
Ugy-Fuck-Up,True
fuck-im-fucked,True
yo-mrwhite-bitch,True
rebellious-as-fuck,True
Im-an-idiot-AMA,True
hive-mind-fuck,True
little-miss-idiot,True
hockey-bitch,True
god-damn-mongorians,True
Damn-it,True
Ass-Finger-Amour,True
ass-violator,True
shit-boy,True
Meta-as-shit,True
comments-on-new-crap,True
Your-Acronym-Is-Dumb,True
Say-Damn,True
too_hot_got-damn,True
ass-clown,True
Fizz-bitch,True
Link-in-bio-bitch,True
dma-fuck,True
fuck-steve-harvey,True
Fuck-Martin,True
Odd-Fuck,True
shit-roll,True
inert-gas-inert-ass,True
people-are-stupid,True
Bitch-gave-me-an-STD,True
Lord-Bitch-Tits,True
u-suk-ass-2-mouf,True
stupid-kids,True
1-800-ASS-DICK,True
shit-tier_programmer,True
candy-ass,True
Typical-idiot,True
Psychotic-Bitch,True
damn-you-facebook,True
i-talk-shit,True
Fix-Your-Shit,True
gastropod-fuck-gun,True
spectacularly-dumb,True
fuck-this-shit-,True
Ass-ddicted,True
Fuck-that-cunt,True
bitch-hunter,True
Temple-Of-Shit,True
Crazy-Stupid,True
and-fuck-u-too,True
SUCK-ME-ASS,True
Dumb-Found-Dead,True
DetroitLover88s-ASS,True
I-Dont-Give-A-Shit,True
fuck-this-game,True
Bud-n-Fuck-Buddies,True
Blast-From-The-Ass,True
damn-good-coffee,True
ASS-ASS-IN,True
idonegoofed-fuck-,True
stupid-canada,True
shit-gibbon,True
Comfortably---Dumb,True
shit-wit-fuck-cunt,True
fuck-god,True
kaptajn-idiot,True
shhh-shit,True
confusedas-fuck,True
holy-shit-squirrels,True
TACO-HELL,True
Idiot-pie,True
drums-n-shit,True
--FUCK--DRUMPF--,True
pm-your-hot-lady-ass,True
Fuck-This-Shit,True
Seriously-Stupid,True
oh-my-holy-crap,True
-FUCK-YEAH-,True
ass-ass-ass-ass,True
stick-of-shit,True
ass-moe,True
ddrunkn-shit-advice,True
I-Feel-Like-Hell,True
Not-as-dumb-DPR,True
hell-reaper,True
a-dumb,True
shit-son,True
Shit-Puppet,True
stupid-man-suit,True
Elysium-Ass,True
Fuck-andrewsmith1986,True
Thieving-bitch,True
Based_-Fuck,True
shit-fuck,True
Eats-Ass,True
SAK-a-Shit,True
Shit--Tier,True
Fuck-da-police,True
fuck-a-doodledooo,True
Fuck-Niggers,True
-Hey-Guys-Fuck-You-,True
PM-ME-ASS-BENT-OVER,True
bitch-n-moan,True
an-idiot-i-am,True
cathode-fuck,True
Fuck-Your-Stuff,True
satellite-bitch,True
fuck--knuckle,True
ass-e-tone,True
fuck-the-ban,True
reddit-eats-shit,True
FINALS-kissing-ass,True
the-ass-man,True
fuck-ubisoft,True
One-sick-fuck,True
xX-Hell-Shot-Xx,True
squidwards-ass,True
Ass-of-Brad-Dassey,True
DAMN-EXACTLY_THIS,True
fuck-it-bot,True
tall-as-FUCK,True
Fuck-you-dane-cook,True
cross-stitch-bitch,True
real-shit,True
luc-ass,True
Ash-with-that-Ass,True
shit-in-my-pants,True
usa-is-shit,True
fuck-this-fuck,True
Bitch-Im-Harden,True
ass-ass-ass-ass-ass,True
pm-that-ass-girl,True
stupid-frenchie,True
crap-man,True
bitch-sensei,True
big-ass-hole,True
Fucking-Idiot,True
damn-canadian-telcom,True
mutha-mutha-fuck-fuc,True
Says-Random-Shit,True
throw-that-shit-out,True
What-the-fuck-is-it,True
Bitch-u,True
Pmthat-ass,True
butt-shit,True
shit-magnet,True
bitch-cassidy,True
EAT-SHIT-ASSHOLE,True
Dumb-joke,True
drag-them-to-hell,True
Secret-shit-sandwich,True
tile-bitch,True
Fuck-Dream-Mods,True
Dumb-Nigger,True
Fuck-FuckTIR,True
rngFuckA-Bitch,True
Skunks-And-Crap,True
-Sick-Fuck-,True
Halfway-Shit-Maself,True
You-are-an-idiot,True
Hartree-Fuck,True
-who-gives-a-fuck-,True
Out-For-A-Walk-Bitch,True
stupid-i-am,True
Admiral-Ass-Hat,True
damn-right,True
shit-brickhouse,True
ahhhh-fuck,True
impregnate-my-ass,True
Im-Joe-Grizzly-Bitch,True
fuck-this-shithole,True
FUCK_SPEZ-IN-THE-ASS,True
Throwaway-Stupid,True
I-Like-Weird-Shit,True
you-stupid-fuck__,True
i-fuck-grandmas-ass,True
fuck-easy-ace,True
TIRESIAS-KICKS-ASS,True
fuck-yo-muddddah,True
Shit-no-one-says,True
fuck-you-very-much,True
snowball-in-hell,True
you-idiot,True
Amazon-dog-shit,True
some-dumb-fuck,True
Fuck-possum,True
shit-ticket,True
ur-mums-sweet-ass,True
shit-the-bed_fred,True
Magnets-Bitch,True
sweety-bitch,True
get-off-your-ass,True
Holy-almighty-crap,True
Idiot-Alert,True
No-Shit-Sherl0ck,True
Fuck-off_Humans,True
Olympic-ass-eater,True
FUCK-YOUR-CATS,True
PMME-SHIT-TALK,True
a-stupid-account,True
ass-we,True
Stupid-Question-Cop,True
FUCK-THAT,True
Marry-Fuck-Kill,True
my-wifes-ass,True
Shit-tier_Gamer,True
ass-kill,True
captain-stupid,True
boring-stupid-moron,True
Writers-Bitch,True
pray-tap-that-ass,True
-bitch,True
damn-parcopresis,True
fuck-cats,True
tom-ass,True
HaMC-is-the-shit,True
Dumb-name,True
im-an-idiot-sometime,True
MLP-Is-Crap,True
Bitch-Im-Magneto,True
shit-khaleesi-to-you,True
OH-HELL-NO-GYPSY,True
hell-vira,True
Shit-m8,True
fuck-me,True
stupid-like_a_fox,True
Piss-in-mah-ass,True
--hell,True
stupid-reddit,True
fuck-you-dad,True
stupid-idiot,True
dragons-hell-yeah,True
Not-To-Be-an-Ass-But,True
Well-Damn,True
The-Hell,True
ass-blaster-master,True
-----fuck-----,True
fuck-you-all-twice,True
make-me-your-bitch,True
fuck-your-throwaway,True
hell-and-gore,True
dipshit-idiot-alert,True
bloddy-hell,True
wp-is-a-crap-default,True
Hell-is-for-Children,True
Captain-Fuck,True
life-is-bitch,True
id-fuck-an-alien,True
worthless-shit-stain,True
make-a-damn-archive,True
Puffy-Shit-Antler,True
shady-ass,True
Meta-Fuck,True
fuck-a-doodle-do,True
fuck-to-love,True
the-wind-of-shit,True
bad-ass-username,True
half-idiot,True
bitch-face,True
Dumb-Titties,True
broke-ass-writer,True
dope-ass-oriental,True
shit-scooter,True
we-wuz-kaangs-N-shit,True
i-do-dank-shit,True
a-damn-throwaway,True
Silly-Bitch,True
idiot-with-opinion,True
throw-the-fuck-away,True
Captain-Ass,True
damn-paula,True
stupid-delays,True
my-ass-hurts,True
Mr-potato-ass,True
STUPID-COMMENT-ALERT,True
I-eat-massive-ass,True
U-Smell-Like-Shit,True
stunt-bitch,True
fuck-sarcasm,True
Damn-The-Torpedos,True
Shit-while-standing,True
tits-ass-wit-sass,True
SKATE-FAST-EAT-ASS,True
fuck-you-people,True
HIT-ME-BITCH,True
countess-of-shit,True
resting-bitch-face,True
-fuck-fuck-fuck-,True
fuck--------buttons,True
That-was-dumb,True
quit-cryin-bitch,True
a-bad-ass,True
Tropical-hell,True
my-gd-space-bitch,True
fuck--off,True
smart-_-ass,True
poe-damn-eron,True
shit-storm,True
derive-dat-ass,True
scammed-like-a-IDIOT,True
bitch-on-fire,True
healthy-ass,True
i-dont-like-shit,True
hell-in-the-USA,True
Gimme-Dat-Ass,True
Suddenly-Ass,True
bamboo-bitch,True
Shit-SRS-Says,True
this-shit-athrowaway,True
Live-from-Quapa-Hell,True
shit-4-brains,True
free-from-you-bitch,True
sinbad-ass,True
Fuck-my-shit-up,True
ThrowThat-SHIT-Away,True
bitch-san,True
ScallyWag-Idiot,True
glitter-commie-bitch,True
Jack-all-of-the-crap,True
f-that-shit,True
fuck-the-nwo,True
Rocks-N-Shit,True
ass-website,True
Chuckle-Fuck,True
dat-ass-is-godly,True
FUCK-MONKEY,True
St-Ass,True
Gonna-be-hell-toupee,True
spooky-bitch,True
poor-ass-dad,True
bitch-can-see,True
giant-idiot,True
Downvote-My-Shit,True
ass-tastic,True
stupid-enabler,True
straight-to-hell-boy,True
at-idiot,True
aarons-a-bitch,True
I-Shit-Love,True
Shit-kicker,True
i-say-fuck-you,True
The-Damn-Bad-Looking,True
dog-shit-burrito,True
mitch-fukd-my-bitch,True
Y-U-SOOO-STUPID,True
Gold-Cuz-Fuck-SRS,True
Colorize-your-shit,True
dumb-daisy,True
thats-dumb-your-dumb,True
Shit-I-JustHadToSay,True
neighbor-from-hell,True
bitter-fat-bitch,True
Shit-postOfTheDay,True
Your-face-is-shit,True
Big-ass-titties,True
Idiot-Slayer,True
shit-smearer,True
o-shit-its-johnny,True
your-post-is-shit,True
the-ass-man-cometh,True
FUCK-PRETTY-LIGHTS,True
shit-zoo,True
FUCK-THE-FBI,True
am-i-stupid,True
Mitch-man-bitch,True
so-fucking-stupid,True
HIGH-AS-FUCK,True
Admiral-ass-kicker,True
classy-as-fuck,True
cogito-ergo-dumb,True
that-CC-bitch,True
shit-sock,True
hank--fuck-you--hill,True
Ass-To-Throwaway,True
Fuck-the-Throw-Away,True
fuck-pandas,True
motherfucking-ass,True
idiot-strings,True
hot-black-bitch,True
shit-khaleesi,True
you-dontknowme-bitch,True
This-usernameis-shit,True
Stupid-N-nonshitt,True
PM-Me-Ass-and-Tits,True
wholly-hell,True
bitch-named-hillary,True
oxfordcomma--bitch,True
oh-hell-no-,True
shit-on-you,True
fuck-linkfixerbot,True
Flying-Bitch,True
accounts-are-stupid,True
Ass-Perry-Gas,True
Damn-thats-hot,True
big-dumb-al,True
Butt-Ass,True
leslie-damn-knope,True
Damn-Bot,True
my-shit-dont-stink,True
asks-dumb-question,True
i-idiot,True
ass-ssa,True
fuck-in-answer,True
HEIL-HITLER-BITCH,True
Fuck-Obama-,True
Karma-Is-A-Bitch,True
clearly-im-a-bitch,True
7-8-Ass,True
mls-is-shit,True
Fuck-Salt_,True
lame-ass-bf,True
BULL-SHIT-MAN,True
fuck-_it,True
butt-fuck-betty,True
Would-I-Fuck-U,True
what-is-this-shit,True
What-In-The-Fuck-,True
FUCK-YOU-I-AM-gOD,True
Tracers-ass,True
NREMT-Bitch,True
OH-FUCK-ME-PLEASE,True
MoreLikeHen-Idiot,True
lol-yea-fuck-you,True
Zombie-Hell-Fire,True
an-idiot-mod,True
fuck-you-dnm-mods,True
FUCK-PINEAPPLE-PIZZA,True
Fuck-Anxiety,True
bibbity-bobbity-fuck,True
doesnt-take-shit,True
infernus-hell,True
ass-stallion,True
G-status-bitch,True
Falko-n-Shit,True
handsome-ass-nigga,True
confused-as-shit,True
Alice-In-Hell,True
Ass-scratcher,True
-Fuck,True
Fething-Idiot,True
I-AM-AN-IDIOTS-IDIOT,True
ANGRY-BUTT-FUCK,True
I-FUCK-CHILDREN,True
username-my-ass,True
Stupid-Saiyan,True
1-900-Dnt-Gve-Fuck,True
mimikyu-from-hell,True
idiot-kid,True
shit-,True
forcepoint-hell,True
Who-The-Hell-Is-Mel,True
jupiter-ass-ending,True
Stupid-me,True
pghsolidarity-n-shit,True
ass-assassin,True
Idiot-Head,True
Ass-Parker,True
PM-ME-COOL-SHIT-PLS,True
My-dumb-name,True
Lick-My-Ass,True
Bitch-4207,True
Master-Ass-Blast,True
Rock-Hell,True
eh-fuck-it,True
downvote-me-bitch,True
Well-Fuck-You-Buddy,True
shit-csgoonly,True
fuckn-idiot,True
stupid-detector,True
big-bitch,True
Free-dumb,True
Appendix-Fuck,True
Downvote-Idiot,True
idiot-a-broad,True
disco-shit,True
SHIT-DETECTOR,True
Shit-iot,True
Fuck-You-Thats-Why,True
FUCK-DRAYMOND-GREEN,True
wright-hell,True
stupid-idiots-wastin,True
Fuck-me-roughly,True
fuck---you,True
thee-ass,True
Yelling-Fuck-Bot,True
lb187187-idiot,True
Shit-take_Mushrooms,True
stupid-drunk-texter,True
hell-on-tacos,True
fuck-no,True
yeah-dumb-dumb,True
Aint-That_Some-Shit,True
FUCK-YOU-MINA,True
PM-ME-YOUR-ASS-SHOTS,True
fuck--boi,True
ey-fuck-you-mang,True
shit-nathan,True
I-Post-Fake-Shit,True
kick-his-ass-seaba55,True
fuck-australia,True
Shit-poster-322,True
Who-the-fuck-is-this,True
Go-Fuck-Yourself-Jr,True
Fuck-_-Reddit,True
Shit-Fillet,True
helpmeiamin-hell,True
laura-palmer-bitch,True
Fuck-The-Queen,True
Get-the-fuck-over-it,True
PM_ME_YOUR_TITS-ASS,True
fuck-eromanga,True
Stupid-Wolf,True
FUCK-YOUR-NOVELTY,True
yea-idiot,True
fuck-spez,True
somethin-stupid,True
poop-shit,True
Get-2-Fuck,True
fuck-billoreilly,True
mr-dumb-face,True
I-am-le-shit,True
gorilla-ass,True
Fuck-IThink-ILoveHer,True
fuck-da-mods,True
fuck-a-bag,True
bitch-pleez,True
fuck-police,True
dog-shit-taco,True
fuck-you-fatass,True
stupid-_-face,True
ass-and-titties,True
Super-Stupid,True
sad-shit,True
PM-me-ur-ass-n-tits,True
fuck-you-lucy,True
throwaway-dat-bitch,True
reddit-shit-bot,True
fuck-kafka,True
Dang-ass-username,True
Dumb-fuckery,True
Ass-sgt,True
Hell-March,True
fuck-ennui-away,True
Fuck-You-Faggot,True
Bitch-Lips,True
FUCKS-YOU-IN-THE-ASS,True
well-fuck,True
No-You-Arts-Idiot,True
go-to-hell,True
Shit-lord,True
Stupid-Weeb,True
Hell-o-kittty,True
Dude-fuck-that-guy,True
cunting-cunt-fuck,True
Damn-son-wtf,True
ass-face,True
Stop_Being-Stupid,True
mr-dr-prof-stupid,True
Fuck-Sprint,True
dont-vote-for-stupid,True
son_of_a-bitch,True
I-fuck-Lionesses,True
i-shit-in-urinals,True
throw-dat-shit-awayy,True
FUCK-OFF-NAZIS,True
im-back-bitch,True
shit-outa_luck,True
fuck-you-pussy-chink,True
Eternal-Hell,True
Im-white-as-fuck,True
ass-masster,True
Thom-ass,True
Bob-has-bitch-tits,True
Ass-n-Titties,True
stupid-asshole,True
NO-FUCK-NO,True
fuck-the-planet,True
fat-idiot,True
ass-eaters-anonymous,True
i-fuck-sluts,True
fuck-whiteknights,True
Fuck-Unidan,True
U-R-A-FUCKING-IDIOT,True
simple-bitch,True
Hell-Nico,True
crap-,True
im-just-stupid,True
REAL-ASS-NIGGA,True
Ass-trophysicist,True
Serious-Bitch,True
niggers-eat-shit,True
jakes-a-fuck,True
bitch-asss,True
Tits-Ass-76ers,True
Ass-quake,True
take-my-ass,True
fuck-your-world,True
kartoos-gun-fuck-hit,True
I-like-ass-69,True
shit-wick,True
Damn-Splurge,True
Hell-Frozen_Rain,True
Fuck----------------,True
blind-deaf-n-dumb,True
Pyroman-from-hell,True
shit-troll-is-shit,True
dat-ass-tho,True
Oh-Hell,True
dat-ass-doh,True
dumb-hitler,True
digital-idiot,True
Half-Ass,True
with-stupid,True
dank-ass-hoe,True
Resident-Idiot,True
I-Smell-Shit,True
Stupid-Sam,True
The-Bitch,True
GIRL-PM-ME-YOUR-ASS,True
hell-met,True
that-damn-sasquatch,True
ASS-CLUB,True
Fuckin-Shit-Fucks,True
ass-boobs,True
-throwaway-shit-,True
only-says-hell-yeah,True
SJW-as-FUCK,True
On-Hell,True
fuck-loggedout-links,True
SqueakyClean-ASS,True
takes-shit-seriously,True
I-LUV-TITS-N-ASS,True
Good-shit,True
passport-2-hell,True
FUCK-USER-NAMES,True
fuck-ISIS,True
abra-ka-fuck-you,True
Obama-is-pure-shit,True
im-actually-dumb,True
shove-it-in-your-ass,True
hell-is-other_people,True
God-fuck,True
mean-as-fuck,True
Oscar_Says_Jack-Ass,True
aw-shit-pun-thread,True
Fuck-Yo-Couch,True
Barf-pee-shit-pimple,True
fuck-the-lazy,True
Fuck-it-is-LER,True
Captain-Damn,True
I-POST-STUPID-SHIT,True
bitch-mei,True
Hi-Im-Frack-----SHIT,True
ass-machine,True
Fuck-Fuck_Fuck-Fuck,True
Shit-Covered-Condom,True
Bitch-bob-420,True
alaskan_thunder-fuck,True
fed-the-fuck-up,True
ass-eater_of_theDNM,True
No-shit-Sherlock-,True
damn-dude,True
basal-bitch,True
fuck-you-downvoters,True
fuck-me-knot,True
cute-fuck,True
fuck-to-nazis,True
Get-Over-It-Bitch,True
Idiot-Wind,True
Fuck-Greg-Olson,True
fuck-you-m8,True
Shit-MicrosoftPaint,True
fuck-this-shit-site,True
science--bitch,True
c-u-in-hell,True
bull-shit,True
BVRBERRY-BITCH,True
rifts-is-shit,True
Fuck-monster89,True
dumb-question,True
Insecure-shit,True
zombies-are-stupid,True
For-fuck-sake,True
reddit-is-stupid-,True
smart-shit,True
Dat-ass-,True
Stupid-Little-Genius,True
fuck-therapists,True
bush-shit,True
Says-fuck-a-lot,True
That-is-dumb,True
I-FUCK-DRAGONS,True
fuck-nexus,True
calls-everyone-bitch,True
monogamy-is-dumb,True
A-Stupid-Society,True
shit-poo,True
rap-about-crap,True
fuck-thi,True
Young-Dumb-Broke,True
ITS-EVAN-BITCH,True
ass-fister,True
Dis-Shit-Is-Bananas,True
mods-fuck-off,True
i-eat-horse-shit,True
Dumb-Fumbler,True
2old4this-shit,True
shit-everywhere,True
crap-shoot,True
fuck-cool-usernames,True
404-Fuck-Not-Found,True
Alpha-as-fuck,True
Ma_The_Meatloaf-Fuck,True
Shit-Overlord,True
Ass-Tattoo,True
shit-breath,True
ass-milk,True
shit-mummy,True
fuck-the-system,True
Fuck-this,True
Fuck-You-Pay-Me,True
shit-fucking-printer,True
shit-n-water,True
hoeish-ass-bitch,True
Fancy-Ass-Cats,True
That-One-Ass,True
hell-o-world,True
cu-idiot,True
Banana-Shit,True
fsck-this-shit,True
ran-dumb,True
somethingbad-ass,True
hell-squirrel,True
village-idiot,True
cross-shit,True
forgot-mah-damn-pw,True
no-stupid-questions,True
hell-love-god,True
Fat-Robo-Crap,True
half-bitch-half-fish,True
Big-Damn-Hero,True
Angry-ass-wipe,True
Fuck-U-nicorn,True
i-have-dumb-emotions,True
that-bitch-ed,True
Fuck--,True
PM-Random-Shit-Plz,True
Overrated-Idiot,True
a-stupid-question,True
fuck-skim-milk,True
Cactus_in_my-ass,True
Obvious-Idiot,True
fuck-gallow-boob,True
heartless-bitch,True
Fuck-you-kindly,True
Fuck-This_Shit,True
damn-san,True
ritz-cracker-bitch,True
scottish-as-fuck,True
Oh-youre-an-idiot,True
Shit-CanIt,True
Stupid-Bitch-Is,True
This-shit-aint-great,True
Im-Dumb,True
IM-INTO-WEIRD-SHIT,True
Stupid-Duck,True
f-f-fuck,True
nigga-u-dumb,True
Google-You-Lazy-Fuck,True
Would-I-Fuck-It,True
fuck-arabs,True
the-fuck-is-a-reddit,True
Fuck-you-pandora,True
flaming-bitch-face,True
stupid-answer,True
Fuck-offf,True
fuck-fuck-GOOSE,True
I-Heard-Fuck-You,True
boring-as-fuck,True
Oh-shit-ions,True
Eats-shit,True
FUCK-YOU-THUMBFUCKER,True
-Damn,True
idiot-god,True
64-Bitch,True
talks-like-idiot,True
rainbow-as-fuck,True
Dan-Damn,True
throw-this-shit-awy,True
Fuck-You_Dad,True
shit-luke-jr-says,True
fuck-the-2nd-word,True
bitch-boy-69,True
fuck-off-bot,True
kinda-a-bitch,True
Cheerful-as-fuck,True
bore-dumb,True
Wal-Mart-ass-rape,True
Send-Me-Ur-Ass,True
estherrr-stupid,True
im-in-elo-hell,True
Shit-Talking,True
dumb-bishh,True
Sadistic-Fuck,True
Lost-N-Shit,True
transcendent-ass,True
dumb-blonde,True
Fuck-My-Livers-Pussy,True
I-Shit-Rainbows,True
Fuck-exe,True
Stupid-Porn-Account,True
ass-hoe,True
th-th-throw-fuck-it,True
sk8-fast-eat-ass,True
magnets--bitch,True
Kiss-Kiss-My-Ass,True
shit-barf,True
Bitch-slap,True
OH-FUCK-WHAT-NOW,True
Piece_of-Shit,True
-Fuck-You-Faggot-,True
A-Sloppy-Shit,True
dragon-shit,True
swedish-bitch,True
shit-count,True
skeleton-bitch,True
serious-shit,True
i-fuck-flowers,True
dumb-guy,True
Damn-Camper,True
operator-as-fuck,True
talks-utter-shit,True
luminari-ass,True
fuck-r-feet-mods,True
Mr-fuck-everythin-up,True
Lost-In-My-Own-Hell,True
fuck-ugly,True
Shit-Ninja,True
HELLO-HELLO-HELL,True
Not-this-shit-again,True
NASTY-BITCH,True
god-damn-character-l,True
mostly-idiot-savant,True
Crap-Spackle,True
Fuck-The-Cubs,True
EAT-SHIT-AND-DIE__,True
4-fuck-sakes,True
damn-tam,True
Bitch-ass_Pussy_Boi,True
redd-idiot,True
Shit-Pen-Throwaway,True
hell-imma-slytherin,True
wish_me_w-hell,True
PM-Me-Tits-or-Ass,True
fuck-reddit2,True
Bitch-29,True
harden-the-fuck-up,True
big-ass-wolf,True
in-the-ass,True
get-confident-stupid,True
FUCK-YOUR-SUBREDDIT,True
bag-of-shit,True
idiot-in-disguise,True
Fuck-This_Gay-Earth,True
fuck-you_thats-why,True
Fuck-you-darren,True
till-i-shit-sideways,True
Shut-the-fuck-up-meg,True
Mika-ATM-Hell,True
Bob_has-bitch-tits,True
divorce-is-stupid,True
fuck-yo-couch-nigga,True
THROWAWAY-SHIT,True
MJ-of-shit-talking,True
spinster-crap,True
fuck-the-third-world,True
send-me-to-hell,True
stupid-girl,True
fuck-all-returns,True
Fuck-Canada,True
Fuck-Off-Islam,True
would-I-fuck,True
MASTER-ASS-BLASTER,True
mr-damn,True
Off_Beat_Bare-Ass,True
1-800-ASS-BUTT,True
I-FAP-TO-WEIRD-SHIT,True
rational-as-fuck,True
i-Fuck,True
youngand-dumb,True
Fuck-Hog,True
peruvian-bitch,True
Fuck-really,True
Shit-Help-Stuff,True
digup-stupid,True
shit-_bird,True
Cia-ass-stuffer,True
fuck-ERRYBODY,True
hell-gart,True
weird-as-hell,True
The-Smartest-Idiot,True
russ-is-an-ass,True
This-sub-my-ass,True
fuck-fantasyfootball,True
the-ass-hatter,True
fuck-tha-system,True
shit-talk-mcgee,True
Fuck-girlz,True
idiot-in-a-shirt,True
ass-hole-meter,True
F-Fuck-F-usernames,True
Nasty-Ass-Pervert,True
dip-shit,True
beyond-stupid,True
rollmefurther-bitch,True
fuck-y-o-u,True
always-mad-as-fuck,True
damn-it-dad,True
ass-to-mouth,True
Tangible-Hell,True
Shit-EatingGrin,True
because-fuck-you,True
bitch-im-the-witch,True
fuck-boyy,True
Idiot-kun,True
fuck-upvotes,True
dont-be-an-idiot,True
its-khaleesi-bitch,True
pm-me-that-ass-girl,True
bark-----FUCK,True
Blow-it-out-your-ass,True
damn-the-torpedoes,True
SwagLords-Bitch,True
not-a-dumb-question,True
Fuck-The-Patriots,True
scottish-idiot,True
broke-as-fuck,True
Typical-Teen-Crap,True
fuck-this-fuck-that,True
Fuck-You-Dave,True
baby-back-bitch,True
bourne-to-raise-hell,True
damn-it-dana,True
WhatTheFu-Hell,True
shitty-ass-throwaway,True
bitch-slap-you,True
fuck-you-fight-me,True
fuck-off-Garewolf,True
helpmewithsome-shit,True
Rock-kick-ass,True
dumb-butt,True
highway-to-hell,True
HI-IM-STUPID,True
Paint-That-Shit-Gold,True
Fuck-It-Why-Sleep,True
Wiss-Dumb,True
nazi-fags-fuck-off,True
Stupid-_-Girl,True
dumb-brunette,True
yamama-bitch,True
-just-to-be-an-ass-,True
Major-Fuck-Up,True
Polled-From-My-Ass,True
Holy_Fucking-Shit,True
FUCK-MY-MRSA-WOUND,True
Shit-Balls-Banana,True
design-idiot,True
NREMT-ASS,True
Shit-Biscuit,True
BackAtYa-Bitch,True
13-acres-of-hell,True
stupid-comments,True
camel-shit,True
Crap-pad,True
Thorse-is-an-idiot,True
the-swamp-ass,True
useful-idiot,True
expensive-shit,True
Your-Post-Is-Dumb,True
Fuck-It-Im-In,True
throwaway-bitch,True
Grumpy-As-Fuck,True
Cajun_Kick-Ass,True
oh-shit,True
Ur-Ass,True
whats-dis-crap-about,True
Wolf-Bitch,True
shit-show,True
hup-ta-fuck,True
i-shit-in-my-pants,True
iwokeuplikethis-shit,True
fuck-world-news,True
Shit-Poster,True
fuck-mee-sensei,True
Shit-talker234,True
mange-my-ass,True
Hell-Is-Risen,True
spun-as-fuck,True
Hell-_,True
but-i-fuck-bees,True
light-hearted-shit,True
just-fuck-it,True
Idiot-newscaster,True
dumb-question1004,True
canadork-fuck-optic,True
Shit-yoda-says,True
-fuck-school-,True
Dont-take-that-shit,True
sue-me-bitch,True
FUCK-I-LOVE-THIS,True
Fuck-Labour,True
fuck-u-spez,True
fuck-chris-khamnei,True
DAMN-nicetitsOO,True
shit-lives,True
Damn--,True
HAHAHA-Idiot,True
tossdis-shit,True
village-idiot-130,True
the-corn-in-shit,True
-fuck-off,True
Ass-terisk,True
fuckity-fuck-fuck,True
fellaini-is-shit,True
YOUS-A-BITCH-ASS-NIG,True
stupid-pigeon,True
sir-fuck-alot,True
I-am-a-little-bitch,True
no-shit,True
Stupid-Fat-Hobbit,True
It-idiot,True
throw-my-ass-away,True
losing-my-shit,True
Fuck-You-Alex,True
dumb-in-college,True
bitch-im-dead,True
broke-ass-laptop,True
pedantic-fuck,True
Hell-Razor,True
anxious-idiot,True
throwaway-im-an-ass,True
fuck-me-in-the-butt,True
Source-Your-Ass,True
hell-91,True
-Rick-James-bitch-,True
fuck-your-existence,True
bitch-pudding,True
PM-THAT_WIERD-SHIT,True
Fuck-I-Hate-You-Guys,True
makes-my-shit-itch,True
yee-yee-ass-haircut,True
Occidental-Idiot,True
enJoy-daMn-Bars,True
Stupid-Dumb-dumb,True
really-cool-dumb-guy,True
Bad-ass-spoon,True
sir-stupid,True
idol-hell,True
PM-DAT-ASS,True
depressed-as-hell,True
says-stupid-stuff,True
sexy-bitch,True
Fuck-You_Apostolate,True
fat-ugly-bitch-ass,True
I-make-shit-up-,True
Fuck-Face,True
goth-pigeon-bitch,True
cold-ass-honkey,True
Slap-ASS-501,True
karma-bitch,True
the-idiot,True
Fuck-The-Modz,True
fuck-nazis,True
trash-shit,True
Damnit-all-to-hell,True
spread-your-shit,True
Hell-jacker,True
The-flying-fuck,True
its-a-damn-throwaway,True
Snuggle-Fuck,True
CaptainHype-Ass,True
fuck-neo-cons,True
texas-as-fuck,True
Crap-Cake,True
I-ATE-ASS,True
Science-and-Shit,True
underscores-kick-ass,True
Crap-O-Rama,True
shit-penis,True
call-you-stupid,True
ONLY-SAYS-FUCK-,True
whiny-little-bitch,True
Never-Fuck-Salmon,True
stupid-peopledotnet,True
only-says-fuck-yeah,True
Creme-dela-Crap,True
throw-dat-shit-away-,True
Fuck-the-World,True
fuckin-dumb,True
_burn-in-hell-jews_,True
fuck-karma,True
i-shit-u-not,True
Pretty-little-shit,True
Bitch-You-Crazy,True
life-is-a-bitch,True
RickRoll-Yo-Ass,True
THAT-SHIT-CRAY,True
Holy-fuck-nuggets,True
Supermans-shit-uncle,True
hami-shit,True
the-god-of-hell,True
Butters-Bottom-Bitch,True
Ass-hole,True
Im-an-angel-you-ass,True
Attila-is-my-shit,True
FUCK-LIBRUL-REDDIT,True
Shit-Rat,True
Throw-the-fuck-awayy,True
mr-shit-tart,True
damn-mooses,True
Idiot-The-Wise,True
FUCK-YOUR-COUCH,True
joels-bitch,True
the-hell-is-that,True
ASS-MAN,True
-karmas-a-bitch-,True
who-the-fuck,True
OK-Stupid,True
Ass-Packers,True
Who-the-fuck-is-that,True
-Classy-As-Fuck-,True
Oh-hell-no,True
life-is-hell,True
fuck-,True
Damn-thatsanicebooty,True
dumb-nerd-dog,True
damn-you-all,True
smart-ass-ip,True
---FUCK---YOU---,True
shit-zipper,True
forever17-bitch,True
fucking-fuck,True
mr-fuck,True
Its-mra-idiot,True
U-R-STUPID,True
stupid-ass,True
I-fuck-animalsHARD,True
a-dumb-camel,True
Milky-ass,True
Ass-Hat-is-taken,True
holy-fuck-balls,True
GO-FUCK-YOURSELF__,True
stupid-keyboard,True
Kal-Hell,True
shit-stain69,True
stupid-invader,True
Stupid-Heart,True
fuck-off-mate-12,True
only-says-fuck-you,True
fuck-yes,True
Fuck-Jesus-Christ,True
guitar-ass,True
Simple-Bitch-Dae,True
master-ass-blaster69,True
Oh-Shit-U-Dead,True
The_Village-Idiot,True
Karma-is_a-bitch,True
Tea-Party-In-Hell,True
Fuck-me_right,True
Lol-ik-im-an-ass,True
screamin-lil-bitch,True
Ass-a-holic,True
Acct-to-cover-my-ass,True
fuck-yo-couch-nigguh,True
dog-shit-radio,True
Dumb-Foundead,True
crap-the-booze-out,True
PhantomMen-Ass,True
PM-ME-DAT-ASS-PIC,True
fuck-bike-theft-69,True
jell-hell,True
fuck----T_D,True
--Bitch--,True
brick-shit-house,True
Rick-James-Bitch,True
Shit-Lorde,True
half-ass-hippie,True
the-neverending-fuck,True
this-damn-throwaway,True
its-hell-time,True
FUCK-SANDNIGGERS,True
Juggalo-bitch,True
crap-basket,True
Whiny-Bitch,True
fuck-turkey,True
fuck-jan-kees,True
Bloody-hell,True
Shit-advice,True
wow-dumb,True
shit-sultan,True
Ass-Kickers-United,True
stupid-stereotypes,True
fuck-oh-yeah,True
-well-fuck-,True
says-fuck-yeah-only,True
Sarcastic-ass,True
FUCK-YOUR_SUBREDDIT,True
fuck-cooper,True
stupid-screenname,True
Sandy-Ass-Crack,True
That-is-a-Huge-Ass,True
Fuck-Liberals,True
Ass-ociate,True
young-and-dumb,True
Yiff-in-Hell,True
bite-my-ass,True
reddit-is-my-bitch,True
fuck-ihavechildren,True
The-Gladdest-Ass,True
kiss-my-ass,True
--stupid,True
asinine-ass,True
lift-eat-shit-repeat,True
am-an-ass,True
mtx-is-shit,True
Fuck-Opossum,True
butt-fuck-it,True
Fuck-0,True
Hell-015,True
FUCK-THE-R-NBA-MODS,True
ass-man89,True
stupid-user-name,True
The-Fuck-Opussum,True
fuck-ellen-pao,True
Stupid-Handle,True
idiot-patrol,True
Indignant-And-Dumb,True
--FUCK--,True
this-shit-wack,True
why-the-hell-not-yo,True
Fuck-me-sideways,True
The-Dumb-Asian,True
Dumb-reality,True
bitch-,True
Damn-_-bruh,True
FUCK-REGGIE-MILLER,True
Fuck-Drumpf,True
fuck-it-dude,True
ihaphleas-sucks-ASS,True
shit-stain71,True
Ram-Ass,True
ass-thunder,True
Down-Vote-Me-To-Hell,True
FUCK---------YES,True
Ass-DArk,True
stupid-poster,True
ass-commander,True
Fuck-Your-Opinion,True
Golden-Ass,True
imsurroundedby-idiot,True
Shit-Bow,True
Give-a-Fuck,True
wtf-is-this-shit,True
nobulk-shit,True
ass-blast,True
throwaway-dis-shit,True
I-Post-Shit,True
Sorry-N-Shit,True
ass-mar,True
epic-ass-violator,True
fuck-you-i-am-nice,True
FUCK-DHL,True
dumb-troll-2,True
bagel-bitch,True
go-fuck-a-duck,True
I-fuck-horses-,True
titty-ass-sprinkles,True
says-fuck-you-bot,True
Ass-dro-physicist,True
shit-girl,True
Fuck-You,True
Shit-Ass_Pet-Fuckers,True
fuck-yomama,True
Stupid-Daikini,True
I-Died-In-Hell,True
satan-is-a-bitch,True
your-product-is-crap,True
fuck-normies,True
HATE-FUCK,True
Poop-Is-the-Shit,True
Bitch-Perfect,True
knock-knock-fuck-off,True
Fuck-This-Fuck-You,True
hoe-lee-shit,True
you-piece-of-shit,True
turd-fuck,True
his-fuck-toy,True
where-the-hell-am-i,True
Basilton-Bitch,True
dig-up-stupid,True
holy-crap-amazing,True
Fuck-you-science,True
Just_Fuck-My-Shit-Up,True
soggy-bitch,True
Tit-Fuck,True
CSUFull-of-shit,True
wizard-ass-peepee,True
grumpy-bitch,True
eat_m-ass,True
god-damn-hyphen,True
alpha-as-hell,True
ass-violator-999,True
-demons-from-hell-,True
no-one-gives-a-shit,True
---Fuck-You---,True
ass-juggler,True
Unicorns-n-Shit,True
dumb-asian,True
fit-bitch,True
shit-the-bed,True
Hell-Raider,True
how-about-no-bitch,True
stupid-throwaway,True
Shit-Faced_MuffinMan,True
fuck-my-life,True
Cosmic-Bitch,True
fuck-yeah-reddit,True
fuck-this-life69,True
BUY-US-FUCK-YOU,True
god-damn-jd,True
hell-append,True
stupid-sexy-flanderz,True
TIG-ASS-BITTIES,True
Ass-art,True
Slain-Immortals-ass,True
ass-guard,True
gneiss-shit,True
shit-onastick,True
oh--fuck,True
-shit-sandwich-,True
shit-ass,True
Silly-Idiot,True
big-ass,True
Stupid-Bot,True
dank-memes-sick-shit,True
I-FUCK-YOUR-MOTHER,True
Fuck-Chop,True
idiot-throwaway624,True
Tommyp-ya-shit,True
Love-2-Fuck-Ur-Wife,True
cr-is-shit,True
motorcycle-idiot,True
shit-post-police,True
r-an-idiot,True
human-shit-factory,True
PM-Your-Ass,True
FUCK-THIS-GAY-EARTH-,True
Messy-Ass,True
burn-in-hell-nigger,True
fuck-the-dolan,True
Imasad-peice-of-crap,True
shit-at-videogames,True
fishing-4-a-fuck,True
go-suck-a-fuck,True
Noodlers-Ass-Eater,True
Candy-Ass-Jabroni,True
stupid-science-bitch,True
-shut-the-fuck-up-,True
gar-bitch,True
shit-hoe-fuckin-shit,True
Brink-was-the-shit,True
what-a-bitch,True
damn-itwastaken,True
A-Shit-UserName,True
dumb-pc-fag,True
Mundane-As-Fuck-Zone,True
Stupid-Sexy_Flanders,True
Burn-This-Bitch-Down,True
Hell-Raz,True
that-kind-if-crap,True
Wtfucking-fuck,True
FUCK-MY-LIFE-,True
ass-slinky,True
Chabad-ass,True
scary-ass-taniwha,True
PM-ME-ASS-PICZ,True
Idiot-Brigade,True
wicked-idiot,True
to-hell-with-karma,True
Retarded-idiot,True
fuck-pNders,True
DUMB-FABRIC,True
Idiot-throwaway,True
Ass-Blaster,True
fuck-otter,True
My-Dogs-A-Damn-Cat,True
fuck-kneegrss,True
-Lord-of-the-Shit,True
nice-guy-lets-fuck,True
bitch-Im-ironman,True
Bob-has-bitch-tits-,True
fuck-new-englanders,True
where-the-fuck-even,True
John-Ass,True
jack-shit,True
fuck-it-shit-happens,True
fuck-you-FAGBOY,True
fuck-da-pussy-sucker,True
twee-as-fuck,True
Damn-Croissant,True
SHIT--NAMI,True
FREEDOM-BITCH,True
the-ass-fucker,True
dumb-panda,True
An-hell,True
ass-complex,True
a-fuckin-idiot,True
HeLL-HoRZe,True
shit-not-together,True
fuck-planets,True
mods-are-shit,True
JediMasterBad-Ass,True
FUCK-YOU-KEVIN,True
Fuck-The-Cards,True
throw-my-shit-away,True
finance-dumb,True
I-Have-to-Shit,True
little-sleepy-fuck,True
fuck-off-pleb,True
that-stupid-bitch,True
fuck-you-im-han-solo,True
i-draw-shit,True
fuck-npd,True
london-idiot,True
PM-Me-Ur-Ass-Ladies,True
fuck-that-noise,True
lit-as-fuck,True
-fuck-me-right-,True
Run-Like-Hell,True
Im-happy-damn-happy,True
Ax-Hell,True
Pan-ass,True
you-nigerian-fuck,True
rick-grimes-bitch,True
bitch-kitty,True
delicious-ass,True
Shut-the-fuck-up-,True
ShiahLe-bitch,True
o-shit-wADDuPP,True
reddit-bitch,True
Fuck-Yeah--,True
no-you-bitch,True
whats-that-shit,True
DAMN-DANIELOA,True
random-shit-story,True
shit-tits,True
Your-thumb-in-my-ass,True
fuck-chad90,True
Nasty-Ass-Nate,True
Stupid-Pants,True
alarmingly-stupid,True
Nani-the-fuck,True
throw-this-shit-awaz,True
fuck-thisthrowaway,True
ass-adfamilysucks,True
Dank-as-fuck,True
fluffy-as-fuck,True
stupid-like-a-fox,True
idiot-su,True
Shit-talker7,True
stupid-kid,True
Hell-G123,True
i-eat-ass,True
i-stole-shit,True
ass-destroyer,True
Hell-of-a-Tangent,True
people-r-dumb,True
Ho-Lee-Shit,True
stupid-lady-girl,True
shit-bird,True
burn-in-hell-slaves,True
its-statistics-bitch,True
Basic-white-Bitch,True
im-stupid,True
ASS-FUCKING-ASS,True
Fuck-Bans,True
1-800-ASS-FACE,True
i-say-obvious-shit,True
I-Say-Mean-Shit,True
Fuck-Yinzers,True
bitch-ass,True
Holy-Fuck,True
big-dumb-retard,True
fuck-unprotected,True
stupid-sock-monkey,True
Ghosts-In-My-Ass,True
hello-fuck-dolly,True
That-Damn-Millennial,True
Y-ass-in,True
fish-shit-eater,True
unicorns-kick-ass,True
Throwaway-as-fuck,True
emrakul-sucks-ass,True
fuck----homework,True
wreck-your-shit,True
shit-happenss,True
Nh-fuck-buddy,True
sum-bitch,True
shit-tyrone,True
daft-fuck,True
Shit-Brick,True
mega-bitch,True
-shit-stain-,True
mega-sore-ass,True
who-gives-a-shit,True
dumb-low-key,True
shit-mouth,True
warhol-eats-ass,True
yo-its-jesse-bitch,True
Fuck-Em,True
pretentious-idiot,True
Ass-Guardian,True
umm-im-an-idiot,True
Shostako-Bitch,True
damn-croissants,True
ass-tech,True
antiwhites-are-dumb,True
hell-kat,True
hairy-ass,True
EmptyMyTrash-Bitch,True
ass-leder,True
Dr_Grab-Ass,True
fuck-a-username-,True
Bitch-away,True
Tongue-fuck-grandma,True
www-fuck-dot-com,True
ass-fuckedHeart,True
shit-on-a-stick,True
PMME_YOUR-ASS,True
Not-A-Damn-Thing,True
stupid-bhaskar,True
I-Am-A-Piece-Of-Shit,True
Holy-crap,True
ass-sadist,True
ass-face_mcgee,True
Fuck-The-Greens,True
i-am-such-an-idiot,True
shut--the--fuck--up,True
stopdrinking--stupid,True
straight-2-hell,True
BnS-ass-ass-in,True
Fuck-DC-Comics,True
The-Actual-Fuck,True
Daffy-Fuck,True
Fuck-it-im-out,True
FUCK-MITT-ROMNEY,True
GOT-HIS-ASS-NICE,True
help-idk-shit,True
Hell-and-Oates,True
shit--sucks,True
mke-lik-tree-fuck-of,True
Pancake-Bitch,True
TITS-IN-MY-ASS,True
THIS-SHIT-ANYMORE,True
shit-load_of_dimes,True
1-800-fuck-u,True
sithis-is-shit,True
Hell-Monkey,True
suicidal-idiot,True
fuck-this-noise,True
Majestic-as-fuck,True
poo-ass,True
toronto-bitch,True
stupid-questions,True
nap-and-a-crap,True
dumb-troll,True
Only-Says-Fuck-Yes,True
asks-dumb-questions,True
cry-more-bitch-,True
zom-bitch,True
shit,True
Fuck-Joe-Rogan,True
t0m-aSs,True
Plastics-my-bitch,True
reddit-is-shit,True
dank-ass-meme-police,True
MAD-ASS,True
Fuck-KD-,True
Wees-Ass-Titties,True
-Idiot-,True
--damn--,True
Cum-in-my-ass-gandpa,True
ass-istance,True
throw_that-shit-away,True
usernames-are-crap,True
shit-hawk,True
fat-ass-lord,True
bitch-areyouretarded,True
villige-idiot,True
DEFINITELY-NOT-DUMB,True
Some-Random-idiot,True
date-a-bitch,True
Toss-that-shit,True
damn-yell,True
fuck-the-jeffery,True
Ritz-bitch,True
piece-of-shit-,True
Watchingyou-fuck,True
You-Seem-Very-Dumb,True
NAZI-FUCK-USA,True
grown-ass-man,True
fuck_off-bitch,True
Howard_the-Fuck,True
pitch-bitch,True
rainbow-ass,True
Ass-creddit,True
Grammar-Bitch,True
nerds-fuck-adaquetly,True
Mangle-The-Shit-Fox,True
you-dumb,True
Ass-Mann,True
oh-who-gives-a-fuck,True
Dominic-Dumb,True
SHIT-EATING-GRIN,True
geni-ass,True
Isaac-is-dumb,True
Sofa-King-Stupid,True
hi-that-stupid,True
Beedrill-Dat-Ass,True
the-Depths-of-Hell,True
The-stupid-gay-boy-,True
Smartly-Stupid,True
im-simba-bitch,True
ginger-bitch,True
hanburys-bitch,True
bitch-flex,True
Please-Give-A-Fuck,True
Throw-the-fuck-away9,True
Shamed-I-Am-Dumb,True
shit-im-not-white,True
says-bitch-a-lot,True
brainfullof-fuck,True
ass-play,True
Ass-Packer,True
beaver-damn,True
fuck-dat-shit-up,True
Hell-Paso,True
filters-stupid-subs,True
Ignoble-idiot,True
fuck-my-,True
2-damn-old-for-this,True
that-shit-is-gross,True
Hell-Duceth,True
Sammit-Damn,True
FUCK-IN-MY-SHIT,True
Moe-Dumb,True
fuck-di-bump,True
Ass-Burger-Rap,True
dumb-idiot54321,True
damm-shit-scammer,True
Fuck-Benjles,True
BITCH-IM-A-BUS,True
Covering-My-Ass,True
Married-Idiot,True
lana-del-fuck,True
Satans-Bitch,True
-fuck-me-already,True
one-rambling-idiot,True
hell-fish1,True
ass-and-m,True
stupid-negaredditors,True
onlysaysDAT-ASS,True
Shit-Post-Malone,True
FUCK-TITIES,True
god-damn-bullshit,True
FUCK--DA--MODS,True
fuck-tammy,True
iWILL-Find-You-Bitch,True
fuck-shit-piss,True
idiot-the-moron,True
ass-crackers,True
Fuck-the-flames,True
Stick-Bitch,True
smart-ass,True
Odin-of-Fuck,True
Kisame-ass,True
fuel-ur-damn-pos,True
dumb-fixer,True
Rachel-is-a-bitch,True
FUCK-CHEESE,True
idiot-69,True
MyShinyMetal-Ass,True
fuck-the-admins,True
Fuck-It_Bucket,True
shit-nips,True
just-fuck-me-already,True
shit-in-pants,True
itch-ass-nigga,True
drose-is-a-bitch,True
Class-A-Shit,True
The-Nintendo-Bitch,True
Dumb-Kids,True
love-dat-ass,True
Punk-Ass-Book-Jockey,True
igauran-damn-teeyou,True
fuck-sake,True
Who-the-fuck-is-we,True
an-idiot-called-jake,True
dat-ass-uka,True
fuck-kit-cummins,True
Hell-Rider,True
-punk-as-fuck-,True
Banana-Up-My-Ass,True
dumb-as-a-rock,True
shit-techtonics,True
Shit-quake,True
bad-bitch,True
Sarcastic-Bitch,True
Kick-his-ass-Seabass,True
-shit-post-,True
Fuck-mayonnaise,True
ctrl-alt-fuck-off,True
Dumb-Comments,True
PM-ME-ASIAN-ASS,True
what-a-crap-shoot,True
-Karma-is-a-Bitch-,True
Fuck-That-Guy,True
erin-choke-a-bitch,True
Glorious-Fuck,True
Shit-Tier_Memes,True
satan-hell,True
Wada-bitch,True
hell-othrowaway2015,True
dr-stupid,True
big-dumb-phony,True
down-SHIT-vote-POSTS,True
-fuck-,True
I-call-bull-shit,True
I-am-shit-lorde-yaya,True
asking-dumb-things,True
_-Bitch-I-Might-Be-_,True
Fuck-Your-Family,True
big-stupid-jellyfish,True
Pregnant-Fuck,True
black-coffee-bitch,True
Holy-shit-I-can-not-,True
Nightmare-bitch,True
go-fuck-a-landmine,True
shit-dick,True
shit-fire,True
stupid-head,True
LarryHard-Ass,True
fucking-ass-hole,True
Titty-fuck,True
FUCK-REDDIT-GOLD,True
idiot-wrangler,True
Ass-Salad,True
bourgie-bitch,True
hell-flower,True
Why-the-fuck,True
Cptn-ass,True
HOLY-SHIT-A-REPOST,True
ass-cruemble,True
in-the-actual-fuck,True
fuck-the-jews,True
traffic-idiot,True
we-all-going-to-hell,True
ass-demon,True
tap-yo-ass-out,True
Fuck-Trump-Throwaway,True
fuck-the-mods,True
camp-as-fuck,True
shit-a-potato,True
fuck-your-ugly-face,True
dragon-ass,True
space-bitch,True
fuck-preme,True
pls-go-fuck-yourself,True
um-damn,True
Random-Ass-Shite,True
fuck-all-fascists,True
FUCK-ME-MANG,True
nigger-cunt-shit,True
PM-ME-SHIT-MEMES,True
hell-woods,True
Build-a-bitch,True
Dumpy-Ass-Fool,True
frog-ass,True
i-graph-your-shit,True
SHOVE-IT-UP-MY-ASS,True
holy-shit-snacks-,True
stupid-question-but,True
PM-Me-Dat-Ass-Gurl,True
Fuck-you-whore,True
Whatever-the-fuck,True
controversial-bitch,True
narcissist-ass-face,True
Kick-my-ass,True
glitter-fuck,True
random-shit-account1,True
PM_ME_UR_TITS-N-ASS,True
UQ-wifi-is-shit,True
N0-SHIT-SHERL0CK,True
ass-mage,True
dumb-throwaway,True
shit-a-brick,True
Anonym-ass,True
Fuck-Slinger,True
IAmA-Damn-Liar--AMA,True
4-Fuck-Sake,True
beyond-giving-a-shit,True
Sack-of-crap,True
sexy-potato-bitch,True
the-american-idiot,True
deemax-ass,True
Ass-Burger,True
ass-confetti,True
fuck-kraft-dinner,True
Bitch-Mittens,True
this-is-shit-,True
Fuck-em-n-fuck-you,True
SlapDatB-Ass,True
i-spoil-shit,True
You-are-an-ass,True
goto-hell,True
-what-the-fuck-,True
Fuck-arrowstotheknee,True
nacho-bitch,True
Oh-Shit-Okay,True
dumb-tenant,True
fat-ass-magoo,True
Heart-Shaped-Ass,True
--o-o-hopeful-idiot-,True
FUCK-SRSBUSINESS1,True
TO-DAMN-HIGH,True
1800-SHIT-BEAN,True
rick-santorums-ass,True
Ass-gard,True
Lord-Shit,True
dumb-novelty-alert,True
DILDO-BITCH,True
eat-shit-and-die-,True
damn-_-,True
Pizza-shit,True
Gullible-idiot,True
BlAckWidow-Bitch,True
another-dumb,True
Air-In-My-Ass,True
SamHarris-a-shit,True
pissed-as-hell,True
Stupid-Tracer,True
-Fuck-The-World-,True
yup-heres-the-idiot,True
Curiously-Stupid,True
A-Dumb-Nigger,True
PM_ME_BEWBS-ASS,True
ASS-A-PHONE,True
arkhamite-from-hell,True
Where-did-I-fuck-up,True
ass-warn,True
the-special-hell,True
get-this-shit,True
oh-shit-wrong-thread,True
ironic-shit-poster,True
doge-crap,True
Fuck-You-Bot,True
Fuck-Bacon,True
fuck-indie-fund,True
fuck-white-race,True
lazy-ass-fuckboy,True
Dead-ass,True
SUMMERY-ASS,True
Useful-Idiot-Here,True
unreal-idiot,True
PSYCHO-BITCH,True
Fuck-life,True
like-a-damn-fiddle,True
fuck-trevor,True
shit-post,True
1L-Idiot-Tosser,True
Sexy-Bitch-vendor,True
My-Ass-is-Gone,True
Hodor-Is-A-Bitch,True
fuck-mu-users,True
Insane-Shit,True
Another-Dumb-Usernam,True
Idontevenknow-fuck,True
Noob-in-hell,True
Leg-Ass,True
HeLL-Raiser69,True
fuck-you-fucker,True
you-dont-know-shit,True
sack-of-shit,True
Talk-Shit-Post-Fit,True
Hell-Hound,True
Super-Kawaii-Bitch,True
im-a-boss-ass-bitch,True
Damn-You-Scuba-Steve,True
Pretentious-Fuck,True
Dumb-bro,True
fuck-this-life,True
ah-damn,True
too-damn-fast,True
Ah-Liz-bitch,True
Team-Kick-Ass,True
whack-ass-dick,True
immature-idiot-throw,True
de-facto-idiot,True
Fat-faded-fuck-face,True
Eat-Shit,True
Average-as-hell,True
Fuck-Toy,True
lamb-of-hell-666,True
I-Shit-You-Not,True
fuck-reddit-retards,True
banggers-n-ass,True
Bitch-YouWelcome,True
Run-Fast-Break-Shit,True
fuck-your-downvotes,True
Skull-Hell,True
Funny-Ass,True
I-FUCK-LITTLE-BOYS,True
Ass-fault,True
rucola-ass,True
diep-shit,True
shit-aintnothing,True
fuck-drivers,True
climb-via-is-stupid,True
Fuck-Hugh,True
King-Shit,True
Ass,True
NIGGA-ASS-NIGGA,True
you-are-full-of-shit,True
Ctrl-Alt-Shit,True
dammit-to-hell,True
damn-it-johnson,True
dvmb-bitch,True
static-hell,True
stupid-is-as-stupid,True
This-Shit-is-Old,True
Seriously-Fuck-them,True
fuck-off-bitch,True
Ass-cream,True
captain-stupid-man,True
Makes-Shit-Up,True
Nuclear-Shit,True
hell-on-fire,True
WhatTheyGonDO-Shit,True
dumb-,True
DAMONTOO-IS-BITCH,True
Some-Idiot,True
who-the-fuck-cares,True
fuck-you-dank,True
Upvote-me-bitch,True
OP-is-Full-of-ShIt,True
old-n-dumb,True
DONE-WITH-THIS-SHIT,True
bitch-lizard,True
----fuck----,True
shit-head,True
ass-hat-neighbors,True
getting-shit-done,True
bitch-mode-activate,True
fuck-tumblr-gifs,True
Wall-ass,True
sunburns-like-hell,True
sorry-im-dumb,True
fuck-the-population,True
fuck-everything-,True
Dont-Fuck-My-Life,True
chocolate-shit-cum,True
FUCK-ELLEN-PAO-,True
FUCK-VALVE,True
Bitch-Im-Not-The-One,True
fuck-FloRida,True
Green-Idiot-Gamer,True
Crap-bag,True
Damn-it-michael,True
ass-we-can,True
fuck-cagers,True
Jesse-Pinkman-Bitch-,True
1-800-BULL-SHIT,True
nigger-bitch,True
King-Hell,True
yea-fuck-the-uk,True
Fuck-Turtles,True
ass-sniffer,True
jessica-damn-day,True
whore-bitch-prude,True
SHIT-BREATHER,True
PM-UR-ASS,True
fuck-thiss,True
FUCK-PRINTERS,True
idiot-abroad,True
u-r-so-dumb,True
Hell-Spawn,True
Fuck-The-USA,True
Damn-Savage,True
shots-the-fuck-up,True
fuck-off1,True
Spank-a-Bitch,True
Damn-You-Autocorrect,True
All_names_taken-fuck,True
Fuck-usernames-,True
shit-ewok,True
underrated-as-fuck,True
shit-on-a-brick,True
Idiot-toes,True
caprisuns-bitch,True
a-wise-ass-4-3,True
Sick-ass-timbs,True
Horny-as-hell,True
Cake-for-ass,True
fuck-around-gal,True
merica-fuck-yea,True
stupid-drunk-183,True
Damn-I-like-that,True
yous-a-bitch,True
a-dumb-jock,True
some-random-ass-dude,True
chat-shit-get-banged,True
fuck-ur-banaynays,True
fuck-me-please,True
fuck-boi,True
fuck-you-california,True
Bcuz-Fuck-You,True
Fuck-Movies,True
my-fist-in-your-ass,True
THAT-DAMN-MEXICAN,True
EAT-MY-ASS,True
bitch-ass_hoaway,True
nik-ol-ass,True
idiot-boy,True
FUCK--YOURSELF,True
brilliant-idiot,True
Dumb-Question-Asker,True
REAL-TRAP-SHIT,True
fuck-force-five,True
straight-shit-talker,True
shit-finder,True
Winds-Of-Shit,True
John-the-Shit-Eater,True
idiot-prodigy,True
editdr-stupid,True
shit-throwaway,True
fuck-da-mod,True
Hell-is-other-reddit,True
fan-ass-tics,True
fuck-you-reddit666,True
poo-shit,True
give-em-hell-kid,True
bitch-ass_ho,True
fuck-a-username,True
Hell-O,True
pm-me-your-nice-ass,True
900-666-FUCK,True
crap-cone,True
Crap-commentary,True
Shit-kabob,True
hey-you-bitch,True
bitch-pleaze,True
ass-juice-soda,True
le-shit-nigger,True
nawt-a-bitch,True
ass-on-houstan-texas,True
Fuck-Shit-Cunt,True
PM-ME-UR-TITS-OR-ASS,True
FUCK-PUN-THREADS,True
Damn-e,True
a-fuck,True
princess-fuck,True
I-Make-Shit-Up,True
fuck-toy766,True
fuck-youverymuch,True
nice-ass-scott,True
Ass-destruction,True
ass-neck,True
shit-aids,True
Youre-full-of-shit-,True
Damn-autocorrect,True
Professional-idiot,True
Ass-Disaster,True
Who-Let-Me-Name-Shit,True
Comfortably-Dumb,True
NOT_BANNED_YET-BITCH,True
Fuck-you-okay,True
ASS-MUNCHER,True
id-fuck-a-hamster,True
Ass-Inspektor,True
I-SHIT-POST,True
no-shit-sherlock---,True
bitch-ass-hoe,True
How-Dumb-Video,True
burn-in-hell-kike,True
hell-ic,True
done-this-shit,True
Its-a-Shit-Hole,True
Chuck-the-fuck,True
Lavender-shit,True
What-the-fuck-guy,True
Animated-Idiot,True
Stupid-unicorn,True
fuck-yeah-winnipeg,True
fuck-you-bitches,True
Bitch-In-The-Blue,True
I-get-to-fuck-her,True
stupid-white-boy,True
the-hell-man,True
Stupid-Idiot-Baby,True
hell-of-the-devil,True
o_o-damn,True
im-Scary-Terry-bitch,True
I-fuck-donkeys,True
i-dont-know-shit,True
You--stupid,True
Cant-Dumb-Me-Down,True
bitch-tits-jr,True
recetas-and-shit,True
ass-eater,True
the-hundredth-idiot,True
Hell-Jumper,True
burn-in-hell-chink,True
Cut-That-Shit-Out,True
bitch-tits-bobby,True
Apricot-From-Hell,True
Dumb-boy,True
Fuck-mod-censors,True
lost-as-shit,True
Fuck-off-reddit,True
racist-fuck,True
ass-ice,True
Closet-Idiot,True
booty-booty-ass,True
-shit-,True
ASS-SEA,True
piece-o-shit,True
SHIT-EXPORT,True
well-meaning-idiot,True
fuck-a-doodledoo,True
fuck-yea-throwaway,True
shit-sammich,True
stupid-name,True
BAN-ME-BITCH,True
joe-shit-the-ragman,True
Masturbating-idiot,True
-fuck-the-itinerary-,True
Fuck-The-Celtics,True
tempus-fuck-it,True
scared-dumb,True
GTFO-idiot,True
Your-Waifu-Is-Shit,True
ass-well,True
fuck-lehman-brothers,True
ron-swansons-bitch,True
Oh-shit-a-troll,True
You-Sick-Fuck,True
super-special-idiot,True
Just-fuck-with-me,True
Damn-Cleric,True
fuck-society,True
FUCK-YOU-MODZZ,True
pass-into-the-ass,True
physics-bitch,True
damn--croissant,True
dang-ass-throwaway,True
Barnsley-idiot,True
fuck-yeah,True
FUCK-KITTENS,True
Kick-Ass,True
Stupid-_-Dash-_-Face,True
stupid-bunny-suit,True
Shit-eatin-grin,True
let-us-fuck,True
Compounding-Idiot,True
the-fuck-you-guy,True
eternal-disco-hell,True
fuck-mormons,True
Stupid-Bunny,True
Bitch-_-Please,True
confused-as-hell,True
Too-Drunk-To-Fuck,True
Hitler-was-a-bitch,True
fucking-hell,True
Damn-it-man,True
DAMN-WONKA,True
CHURCH-of-the-ASS,True
fuck-no-oops,True
ass-man666,True
god-damn-jabroni,True
pussy-ass-bitch,True
Fuck-Jesus,True
queen-of-hell,True
passive-idiot,True
shit-pay-throwaway,True
Lazy-Ass,True
WHAT-THE-HELL,True
Hell-on-wheels,True
STOP-THIS-SHIT,True
Shit-Wizard,True
downvoted-to-hell,True
ass-hats,True
Hell-Child,True
adjective-ass-noun,True
Dang-Ass-Meme,True
memech-fuck-artosis,True
fuck-off-randy,True
ass-eater38,True
n-ass-ty,True
I-Said-Shit,True
not-so-useful-idiot,True
social-adjustive-ass,True
supreme-ass-club,True
PM-ME-ASS-PICS,True
another-dumb-name,True
SHIT-PUSSY,True
shit-balls,True
--ASS--,True
Ass-pain,True
Y-Is-My-Ass-Bleeding,True
shit-four-brains,True
fuck-you-cunt,True
fuck---throwaway,True
Dokkan-Shit-pull-god,True
dog-hell,True
shit-tier-waifu,True
my-stupid-username,True
magical-fuck-frog,True
gotcha----bitch,True
drunk-n-dumb,True
shit-post_bot,True
Ass-hiccups,True
Fuck-You-GallowBoob,True
billy-the-idiot,True
shit-out-a-worm,True
Pill-me-up-bitch,True
I-LIKE-ASS,True
hell-brent,True
Fuck-It-I-Tried,True
shit-ann-coulter-sez,True
fulltime-bitch,True
Some-Smart-ass,True
Fuck-JimRaynor,True
Dat-Canadian-ass,True
SUCK-MY-ASS,True
Shit-lawdy,True
LIKE_I_GIVE_A-FUCK,True
ass-backwards,True
van-damn,True
ass-action-lawsuit,True
Suck-My-Fuck,True
youre-dumb-as-fuck,True
fuck-your-penpal,True
bitch-ahoy,True
total-bitch,True
Football-Idiot-Shame,True
i-fuck-sheep,True
Dave-Fuck,True
Fuck-my-face-please,True
Pretty-Bitch,True
ass-rapist,True
this-is-stupid,True
Jericho-damn,True
calm-the-fuck-down,True
shit-outa-luck,True
1-800-ASS-HOLE,True
Points-shit-out-bot,True
well-shit-then,True
fuck-it-99,True
da-fuck,True
PM-ME-YOUR-ASS-HOLE,True
satans-little-bitch,True
1-555-fuck-you,True
Shit-Tac-Toe,True
Condescending-bitch,True
what--th3--fuck,True
Americans-Are-Stupid,True
PM-ME-UR-TIGHT-ASS,True
T-Hell-9,True
Eat-Shit-And-Die,True
fuck-username,True
Ass-squatch,True
SAYS-FUCK-OFF,True
-Oh-shit-waddup-,True
Idiot-gamer,True
-stupid,True
Fuck-it_CutTheCord,True
Fuck-the-luck,True
we-are-dumb,True
I-never-win-shit,True
holy-hell,True
queenof-hell,True
Ghost-Bitch,True
ass-emperor,True
Stupid-boyfriend,True
Murica-Fuck-You,True
Ass-Magician,True
I-Chat-Shit,True
fuck-tina,True
PmMeYourPussy-N-Ass,True
Bad-ass-chick,True
fuck-u-retard,True
pm-me-your-ass-pics,True
Stanky-Ass-Jiggaboos,True
PM-ME-UR-TITS-N-ASS,True
junkie-ass-throwaway,True
Comfortably--Dumb,True
Vegan-Because-Fuck-U,True
Real-Shit-Everyday,True
fuck-turtle,True
gender-fuck,True
Nobody-Gives-A-Fuck,True
Back-spin-kick-fuck,True
ASS-PUTIN,True
didgeridoo-in-my-ass,True
Maybe-not-a-bitch,True
fuck-off-BIATCH,True
SNOOPY-THE-FUCK-DOG,True
tits-and-ass,True
Damn-it-Janet,True
hole-e-fuck,True
ass-n-tiddy-bomb-guy,True
shit-kitten,True
dumb-reactionary,True
PM_me_datTitts-N-Ass,True
Lets-Fuck-A-Duck,True
Shit-Photoshop,True
free-bitch-baby,True
fuck-PDMP,True
SHIT-NOBODY-SAYS,True
i-crap-on-you,True
Dumb-Ideas,True
DAMN-it-BEAVIS,True
fuck-eslam,True
I-am-that-damn-good,True
Blithering-Idiot,True
thats-some-shit-man,True
FUCK-ME-IN-THE-ASS,True
i-am-dumb-ama,True
shit-dicks,True
fuck-you-chaos,True
serious-gourmet-shit,True
Hell-Androm,True
i-eat-ass-,True
Fuck-That-Yo,True
damn-login,True
You-Stupid-Fuck,True
Stepmother-from-hell,True
peak-a-fuck,True
dumb-dodo,True
fuck-off-and-die,True
whiny-ass-titty-baby,True
TURBO-SHIT,True
neighbor-is-an-ass,True
MrShit-Bitch,True
i-have-seen-hell,True
I-say-ass-alot,True
Damn----shawty,True
Bad-Ass-Bitch01,True
PM-ME_YOUR-ASS,True
shit-pie,True
fuck-your-face,True
Piss-in-my-ASS,True
Crap-a-licious,True
doctor-damn,True
I-Shit-Often,True
Damn-it-Mary,True
zodiac-shit,True
Shit-icane,True
ass-cheese,True
Fuck-off-Conky,True
cum-in-my-ass,True
Wise-Idiot,True
---ass---,True
Fancy-ass,True
dumb-belle,True
fuck-chinese-vibes,True
making-shit-up,True
I-fuck-animals,True
crazy-ass-psycho,True
the-fuck-is-happenin,True
ass-smuggler,True
crap-illustration,True
Fujoshi-fuck,True
Full-Metal-Bitch,True
lb-my-ass,True
swamp-ass-superstar,True
cat-ass-trophie,True
FUCK-THIS-SUBREDDIT,True
Fuck-Me-With-RAM,True
Stupid-question-guy,True
Damn-it2,True
idiot-savant,True
SHIT-PACKER,True
damn-you-karma,True
zen-as-fuck,True
Shove-It-Up-Your-Ass,True
fvck-this-shit,True
Bored-AS-Hell-,True
xkcd-ass-bot,True
PM-Dat-Ass-Girl,True
Triple-Bitch,True
fuck-yeah-boldcaps,True
damn-jam,True
damn-the-man,True
dumb-username,True
really-fucking-dumb,True
Google-that-shit,True
hell--yeah,True
Conservative-Ass,True
Ass--Man,True
War-Damn-Eagle1996,True
hurr-durr-so-dumb,True
hell-hole90,True
suck-a-fuck,True
die-fat-bitch,True
kawaii-ass-pizzagirl,True
Shit-Stain,True
fuck-up,True
Rom-is-a-bitch,True
toss-this-bitch,True
---fuck---,True
crap-crap-crap,True
fuck--marry--kill,True
o-shit,True
1-800-FUCK,True
You-R-N-Idiot,True
fuck-yd,True
bitch-im-everything,True
Stupid-Mistake,True
ugh-this-crap,True
Fuck-The-Moderators,True
SHIT-NAMI,True
fuck-da-pope,True
stupid-cat,True
Fuck-alien-blue,True
cry-little-bitch,True
Your-Stupid,True
head-full-of-fuck,True
Fuck-Islam,True
u-lil-bitch,True
still-feel-like-shit,True
Local-idiot-,True
bitch-bite-me,True
Stupid-Flanders,True
stupid-but-also-dumb,True
Fuck-you1719,True
lustre-fuck,True
that-shit-happened,True
Fuck-Your-Username,True
fuck-your-rules,True
god-damn-batman,True
just-says-fuck,True
physics-n-shit,True
kickflip-bitch,True
i-wipe-my-own-ass,True
cat-ass-trophy,True
talks-shit,True
dumb-os,True
Clint-Hell,True
So-damn-fly,True
Ah-shit,True
idiot-thrasher,True
some_random-shit,True
ban-this-shit,True
idiot-model,True
OH-FUCK-ME,True
cactus-ass,True
Fuck-MDD,True
blue-hell,True
He-Hell,True
fuck-god-in-his-ass,True
Fuck-Yeah-Murica,True
boring-bitch,True
Dat-ass,True
Logical-Idiot,True
stupid-fenchie,True
out-stupid,True
That-Ram-Bitch,True
ASS-KETCHUM,True
Eat-Shit-And-Live,True
fuck-salt,True
CASUAL-N-SHIT,True
Shit-Head-,True
Every-damn-day,True
fuck-donaldtrump,True
throwitthe-hell-away,True
bitch-willis-diehard,True
-DAT-ASS-,True
you-are-so-stupid,True
shit-rmelbourne-says,True
OH-HELL-NAW,True
FUCK-THE-WARRIORS,True
bob-what-the-fuck,True
ithch-ass-nigga,True
altcoin-idiot,True
Susan-The-Fuck-Wit,True
Shit-smeared_gonch,True
tame-idiot,True
Hell-on-cankles,True
billy-bland-ass,True
Bitch-niggas,True
um-well-shit,True
SHIT-TASTER,True
bitch-b-buggin,True
Your-A-Idiot,True
sister-is-idiot,True
Fuck-tacular,True
Who-The-Fuck-I-Am,True
PM-me-to-Fuck-You,True
pm_me_dick-n-ass,True
HivemindKiss-Ass,True
viet-god-damn-nam,True
clueless-idiot,True
Fuck-Yeah-Man,True
sigh-man-damn,True
ass-cheese-plz,True
Mid-crap,True
Cocaine-in-my-ass,True
Sexy-ass-share,True
Id-Tap-That-Ass,True
Murica-fuck-yeah,True
BUTT-FUCK,True
Balding-Bitch,True
fuck-if_I-know,True
christ-ass,True
I-Want-to-Fuck-You,True
Fuck-thisss,True
DOPE-ASS-RAPPER,True
fuck-me-no-fuck-U,True
War-Damn-America,True
fuck-ixchange2-09309,True
Resurrection-in-Hell,True
pansy-ass,True
damn-you-funko,True
stupid-rando,True
Bobs-Bitch-Tits,True
ass-hat,True
roll-damn-tide,True
crap-name,True
Ass-Slut,True
CACTUS-IN-MY-ASS,True
damn-fine-coffee,True
anon-idiot,True
fuck-SJW-Scum,True
idiot-pointer-outer,True
remarkably-stupid,True
I-Make-Crap-Raps,True
broke-ass-mofo,True
The-fuck-you-say,True
supreme-bitch,True
sign-me-the-FUCK-up,True
Absolute-Shit,True
Just-Makes-Shit-Up,True
angry-ass-,True
burn-in-hell-jews,True
another-stupid-ape,True
holy-shit,True
Burn-in-hell-bernie,True
Squeegie-bitch,True
i-hate-you-bitch,True
thats-stupid,True
Just-Fuck,True
Dumb-Nut,True
Urine-Idiot,True
glasses-idiot,True
gatorademe-bitch,True
FUCK-YOU-VIBORG,True
hell-raiser,True
Bass-man-ass-man,True
fuck-rdota2,True
crap-s,True
pyscho-idiot,True
drink-water-bitch,True
bitch-slut,True
i-fuck-babies-gently,True
What-tha-fuck,True
Shit-hawks_Randy,True
ILL-EAT-UR-DIRTY-ASS,True
fuck-you-too,True
Fickle--Bitch,True
youare-stupid,True
anime-idiot,True
dumb-mud,True
That-Ass-Though,True
Ass-shooter2,True
redditors-are-dumb,True
Fuck--Reddit,True
fuck-sweepers,True
Damn-amusing,True
-Bitch-please-,True
Fuck-BernieSanders,True
Damn-it-Bobby,True
stupid-work-problem,True
ohbloody-hell,True
You-silly-fuck,True
bitch-queen,True
Alpha_Fat-fuck,True
b-ass-tard,True
Fuck-booze,True
Hell-Hex,True
I-Am-Very-Stupid,True
What-An-Ass,True
jack-ass-,True
Ima-damn-crybaby,True
Whaddup-Bitch,True
Fuck-Pokemon,True
fuck-yeah-tiny-rick-,True
America-Fuck-Yeah,True
shit-city,True
damn-stupid-jew,True
fuck-the-macleods,True
Ass-taco-syndrome,True
hell-dew,True
fuck-cloud9,True
PM-ME-THE-GOOD-SHIT,True
clueless-idiot-me,True
FUCK-THE-KARMA,True
Shit-Brain,True
ass-savers,True
dont-ask-dumb-Qs,True
Hell-A-World,True
ass-master,True
Stupid-,True
PM-ME-YO-ASS,True
shit-on-a-dick,True
damn-nigga,True
Reptilian-Bitch,True
crazy-ass-bitch,True
Hell-Kite,True
Fuck-sweatshirt,True
Fuck-Dan-Ryckert,True
this-shit-is-banana,True
asks-stupid-question,True
flashdance-ass-pants,True
stupidest-shit,True
gay-ass-moderator,True
Lame-ass-account,True
Ass-assin,True
man-the-fuck-up,True
Opinionated-Idiot,True
a-shiny-metal-ass,True
fuck-r-news-mods,True
I-Only-Say-Fuck,True
Divinity-of-Hell,True
fuck-you-reddit-cunt,True
kicking-ass,True
pm-me-your-phat-ass,True
COCO-BITCH,True
Alien-Type-Shit,True
FUK-A-BITCH,True
the-idiot-savant,True
fuck-your-feelings-,True
Fuck-_-Vegans,True
Just-Says-Fuck-Yeah,True
Ur-pretty-stupid-aye,True
I-EAT-BLACK-MALE-ASS,True
wooped-ass,True
I-Think-It-Is-Shit,True
something-dumb,True
-You-Are-An-Idiot-,True
HOT-DAMN,True
hell-o_world_bot,True
ass-butts,True
dumb-n1gg3r,True
im-lysistrata-bitch,True
damn-it-brian,True
Peruvian-Ass-Hat,True
-fuck-you-jews-,True
People-are-shit,True
Fuck-Yolo-Im-A-Cat,True
omg-ass,True
gabe-the-bitch,True
sorry-you-are-stupid,True
Dumb-Virus,True
Fuck-meFuck-You,True
FUCK-YOUR-CAT,True
cut-the-crap-bot,True
Oh-damn-it,True
I-TALK-A-LOT-OF-SHIT,True
Shit-idk,True
The-cure-for-stupid,True
cia-ass-raper,True
Bitch-_-,True
Fuck-----tard,True
total-bad-bitch,True
Big-stupid-ugly-ogre,True
FUCK-THE-DEE,True
lickity-split-bitch,True
this-shit-rules,True
HELL-ary,True
idiot-aid,True
Idiot-whisperer,True
NA-is-dumb,True
toptoptop-fuck,True
roommatee-hell,True
Another-damn-account,True
le-idiot,True
bondage-bitch,True
well-shit,True
Bitch-nastY,True
argo-fuck-youreself,True
stupid-usernamex,True
Grown-Ass-Adult,True
anon-fuck,True
pm-me-us-ass-619,True
fuck-it-mask-off,True
youre_an-idiot,True
crap-slapper,True
fuck-you-forever-jew,True
Ass-Hombre,True
snigger-my-ass-off,True
dumb-idiot-shit,True
im-an-ass-guy,True
fuck-off-gallow-boob,True
born-a-bitch,True
ass-miner,True
ya-freak-bitch,True
Cucumber-ass,True
want-to-fuck-a-lot,True
Damn-Yankee,True
fuck-the-mods--,True
Stupid-sis,True
sick-of-this-shit,True
fuck-----,True
Fuck-Shit-Stack,True
Forest-Dumb,True
PM-UR-ASS-WILL-R8,True
Opie-Shit-Crazy,True
shit-hed,True
Shit-Just-Got-Epic,True
Fuck-Yo-Grapes,True
fuck-name-taken,True
Does-not-give-a-shit,True
i-will-fuck-ur-wife,True
damn-horny-neckbeard,True
Throw-the-fuck-away2,True
i-am-elo-hell,True
Fuck-wit-stack,True
damn-cat,True
Lego-ass,True
OutForAWalk-Bitch,True
I-Eat-Shit-AMA,True
Fuck-Me-Freddy,True
damn-summoners,True
TeamBuilding-FUCK,True
Curly-Headed-Fuck,True
fuck-a_duck,True
voluptu-ass,True
bitch-slapp,True
fuck-calgary,True
fuck-crisp-tumors,True
you-sound-stupid,True
curious-idiot,True
fuck-off-you-cunt,True
Dont-know-shit,True
easy-ass-pie,True
Fuck-Jenny,True
fuck-you-french-fag,True
Oh-Shit-Its,True
FAGGOT-FUCK,True
get-shit-done,True
HOLY_SHIT_ASS-FUCK,True
Metal-Shit,True
FUCK-U-sername,True
stupid-champions,True
Omni-Fuck,True
dumb-NEET,True
ass-prince,True
what-the-fuck-is-dis,True
wa-da-fuck,True
Fuck-Apostolate,True
wubbalubba-fuck-you,True
Pedo-shit,True
Code_Be-Ass,True
Should-You-Fuck-Off,True
fuck-off-nazi-punks,True
Capt-fuck,True
Conjurer-of-Crap,True
E-Bitch,True
Big--Damn--Hero,True
Shit-just-got,True
a-pile-of-shit,True
oh-hell-yeah-baby,True
ass-pounder,True
jesse-pinkman-bitch,True
Ass-Farts,True
holy-shit-2000-bucks,True
GRANOLA-Fuck,True
fuck-da-mod-hardest,True
shit-shit-shit-shit-,True
GOD-DAMN-IT,True
Fuck-FuckCrippy,True
fuck-the-what,True
forgot-mah-damn-pw2,True
ass-ass-ian,True
Hell-,True
ass-eating-machine,True
huge-ass-honkey,True
fuck-your-cult,True
Fuck-Yourself,True
I-Dont-Give-A-Fuck-,True
Hugh-Ass,True
damn-devil,True
Ass-whole,True
send-me-ass-pic-girl,True
Knows-shit,True
i-no-stupid,True
FUCKING-SHIT-UP,True
tammy-hell,True
MR-BAD-ASS-98,True
Deep-shit,True
idiot-detector,True
-Fuck-Your-Face-,True
fuck--you--,True
fuck-da-mod-harder,True
Dumb-and-Dumber,True
The-fuck-is-this,True
idiot-chapu-guzman,True
scared-alone-stupid,True
Rubber-Shit-Monster,True
id-fuck-her,True
Tyler-Hell,True
PM-ME-THAT-ASS,True
crystals-n-shit,True
Flaming-Shit,True
Shit-Lord-Vader,True
shit-disturber,True
wild-card-bitch,True
PM-ME-UR-ASS-GIRLS,True
girls-pm-me-your-ass,True
real-ass-man,True
bourbon-bitch,True
well---shit,True
Yeah-science-bitch,True
fuck-knows,True
Sparkles-n-Shit,True
Fuck-all-of-this,True
usernames-are-dumb,True
1-800-pussy-bitch,True
blind-deaf-and-dumb,True
where-da-hell-am-i,True
bomb-ass-butch,True
karmaisa-bitch,True
up-in-this-bitch,True
Fuck-this-shit-imout,True
Ozzyman-D-ass,True
Ass-Enthusiast,True
dad-ass,True
Ass-knight,True
Mc-Fuck-0-Lot,True
Im-Tiny-Rick-Bitch,True
Mishas-Bitch,True
elm-idiot,True
A-Damn-Porch,True
me-hujje-ass,True
Fuck-Gold-PM-me-Tits,True
This-Is-Dumb,True
dumb-toss-away,True
Ass-Hyphenator,True
dumb-bass,True
i-did-a-dumb,True
fuck-you-captcha,True
dumb-moms,True
S3-shower-shit,True
DAMN-IT-PATRICE,True
fuck-commies,True
ivana-bitch,True
I-FUCK-MUHAMMAD-GAY,True
Dumb-daises,True
Jon-asS,True
Tinker-hell,True
FUCK-ALL-SREGGIN,True
STUPID-TSHIRTS,True
psycho-p-ass,True
A-Bitch-Ass-Punk,True
STARS-N-SHIT,True
ARE-YOU-FUCKING-DUMB,True
Phat-as-fuck,True
shit-on-my-chest,True
nightwings-ass,True
Not-oryg1n-fuck-him,True
dumb-fuck,True
Orc-in-Hell,True
mac-n-cheese-bitch,True
thunderous-bitch,True
consume-ass,True
fuck-carmart,True
downvoting-your-shit,True
Dumb-Bunny,True
dog-crap-on-finger,True
I-gave-up-fuck-you,True
Dumb-kayfabe-marks,True
fap-fuck-24-7,True
dumb-bitch-throwaway,True
Fuck-atheist-posts,True
aw-well-shit,True
Malvs-My-Bitch,True
damn-throwthataway,True
Youre-speaking-shit,True
bitch-face-mole,True
Fuck-a-you,True
new-tabs-are-dumb,True
Fuck-Fake-Friends,True
fuck-olly,True
Talking-shit,True
horny-bitch,True
STUPID-JOKE,True
FUCK-__-YOU,True
no-fuck-u,True
Unholy-Shit,True
Holy-Fucking-Shit,True
Roommate-Hell,True
crap-tacular,True
Fat-Filthy-Fuck,True
that-one-bitch,True
im-fast-as-fuck-boi,True
fuck-alltaken,True
reddit-is-dog-shit,True
crap-that,True
Fuck-Facists,True
Fuck-rnba-mods,True
FUCK-LOGIC,True
Sofaking-stupid,True
_witty-ass-name_,True
-No-Shit-Sherlock-,True
cluster-fuck,True
flying-fuck,True
Fuck-Comcast,True
no-stupid-throwaways,True
le-fuck-you,True
birds-are-dumb,True
this-guy-is-an-idiot,True
Anti-Stupid,True
lord-of-the-shit,True
Sandman-Hell,True
In-da-ass,True
Euphoric-As-Hell,True
EAT-ME-BITCH,True
Fuck-Sheamus,True
fuck-you-bitch,True
I-Fuck-Cabinets,True
Burn-the-bitch,True
fuck-creativity,True
why-the-hell-n0t,True
loose-of-the-stupid,True
Pretentious-crap,True
Stupid-Noobs,True
SHIT-OUT-MY-ASS,True
taking-a-shit,True
bitch-dontkillmyvibe,True
where-the-fuck-am-I,True
Shit-Talker-Sr,True
Kawaii-As-Fuck,True
God-damn-it-ted,True
Catching-Hell,True
fuck-ross,True
Shit-User,True
throwawaythis-shit,True
Fuck-Mountain,True
jive-ass-turkey,True
Relax-Bitch-Im-Irish,True
I-am-an-idiot,True
fuck-bucket,True
crap-water,True
You-Are-Really-Dumb,True
Destroyer-of-Stupid,True
Want-a-slut-2-fuck,True
Atheists-R-Dumb,True
aesthetic-as-fuck,True
shit-yanks-say,True
Fuck---,True
Oh-Shit-Its-The-Cops,True
Fuck-you-tom,True
Fuck-off-Charlie,True
Leonardo-the-dumb,True
i-might-be-an-idiot,True
Big-time-idiot,True
Shit-IT-Guy,True
ass---pickles,True
fuck-ergodan,True
fuck-ingaposer,True
-----idiot-----,True
a-dumb-ration,True
Hell-G,True
this-shit-is-heavy,True
shit-asser,True
Rhyming-Shit-O-Bot,True
Ass-Hat-Pat,True
fuck-it-0all,True
sexy-bitch-69,True
PM_ME_UR-ASS,True
Dumb-Intern,True
fun-sized-bitch,True
Shit-In-My-Panties,True
Hell-scape,True
ScaryTerry-Bitch,True
ass-soxx,True
Ass-Pie,True
Fuck-Ghost-POS,True
shit-cat,True
PM-ME-DAT-ASS,True
becoming-an-idiot,True
dat--ass,True
Down-vote-to-hell,True
IrishAssassin-ha-ass,True
yeeeeeet-9gag-shit,True
KAOS-Hell-News-Radio,True
random-shit-account,True
Full-of-Shit,True
ZoKool-is-dumb,True
damn-girl-you-fine,True
joe-crap,True
Ugly-stupid,True
shit-burgers,True
FUCK-A-CAT,True
conjure-that-ass,True
What-An-Idiot,True
mini-hell,True
ratchet-ass-ho,True
KARMAS-A-BITCH,True
-shit-sultan-,True
fuck-tonald-drump,True
fuck-dis-shit,True
Fuck-you-gavin,True
Boudicca-bitch,True
fuck-a-throwaway,True
bitch-stewie,True
Holy-Fuck-Dude,True
Fuck-it-frank,True
Economy-Stupid,True
raaad-bitch,True
hell-h,True
pm-weird-shit-pls,True
fuck-default-subs,True
Pls-Fuck-Me-Now,True
ass-ass-ass-ass-butt,True
stupid-mansuit,True
THE-FUCK-YOU-THINK,True
queen-bitch,True
fuck-darpa,True
ASS-B-L-A-S-T-E-R,True
Alaka-Damn,True
fuck-obama,True
fuck-all-yall,True
Shit-n-ponder,True
FUCK-A-FISHDOTCOM,True
The-God-Damn-Batman,True
that-shit-cray-33,True
Stupid-idea,True
ass-eater-69,True
Godzillas-Big-Ass,True
Fuck-you-homophobe,True
Shit-was-Dope,True
damn-username,True
-fuck-off-loser-,True
Fuck-o,True
shit-sucks,True
Ppl-R-Dumb,True
Shit-turd,True
Problematic-Fuck,True
Shit-Floats,True
Ass-To-Mouth-To-Ass,True
Fuck-It_I_will_Do_It,True
polite-as-fuck,True
FUCK-KEVIN-DURANT,True
fuck-wypipo,True
a-random-idiot,True
ha_burn-in-HELL-JEWS,True
1-800-CUM-SHIT,True
fuck-mydog,True
i-feel-dumb,True
PM-ME-YO-ASS-GIRLS,True
BAN-MY-ASS-8PIiZFpcs,True
surprise-bitch,True
ethan-the-ass-bandit,True
kitty-fuck,True
glassy-ass,True
Fuck-The-Habs-Bot,True
corgi-as-fuck,True
stupid-fatty,True
Stupid-SexyFlanders,True
__-Shit-Sherlock,True
SJW--as--FUCK,True
Fuck-you123,True
FingerFuck-Your-Ass,True
fat-ass,True
hell-baby,True
bitch-of-beslen,True
Utterly-Shit-Jedi,True
fuck-milk,True
i-just-talk-shit,True
shit-lord_vader,True
here-to-crap-on-it,True
Digital-ass-lamb,True
ball-in-ass,True
-hell-is-real-,True
Your-Opinion-Is-Shit,True
PM-ME-YOUR-ASS-PLZ,True
shit-outta-luck,True
fuck-you-man,True
Captain-Grab-Ass,True
who-the-hell-cares,True
fuck-salt-yo,True
Stupid-Fart-Knocker,True
ass-and-sass,True
NO-ONE-GIVES-A-FUCK,True
Fuck-It-I-Love-You,True
shit-leopard,True
c-3poh-shit,True
oh-fuck,True
Ass-TrainerDestiny,True
MOTHER-FUCK,True
Le-Fuck,True
I-Ask-Dumb-Questions,True
fuck-my-username,True
what-the-fuck-am-i,True
PM-ME-UR-ASS-PIC,True
Ohforfuckssake-shit,True
Kindred-Ass-Kreygasm,True
Jack-the-bad-ass,True
Fuck-Your-Feelings,True
No-Shit-,True
Stupid-comment,True
Do-Research-You-Ass,True
her-ass-mint,True
Ah-fuck-off-Dave,True
NO-damn-it-a-red-1,True
this-horny-bitch,True
Fuck-Bones,True
shit-throw,True
Ass-Pussy,True
fuck-me-right,True
Miss-Hell,True
Know-Your-Shit,True
Hell,True
Shit-sandwich-,True
make-damn-sure,True
fuck-trumps,True
idiot-throwaway02,True
stupendously-stupid,True
FLEX-HARD-2-EAT-ASS,True
lost-in-hell,True
sea-ass,True
oh-fuck-off,True
fxexular-idiot,True
duzzy-fuck,True
Fuck-Palace,True
PM-ME-UR-ASS-OR-TIPS,True
Sophisticated-Idiot,True
Fuck-If-I-Know,True
No-Shit-Sherlock,True
ass-tard0341,True
not-starting-shit,True
Fuck-My-Sister,True
Bitch-Killer,True
acct-for-weird-shit,True
Throw-A-Way-To-Hell,True
PM_ME-DAT-ASS,True
Pigeon-Shit-Vortex,True
Ass-Poop,True
Hell-18,True
ass-burgers,True
straight-stupid,True
I-See-Dumb-People,True
retired-idiot,True
1-800-FUCK-MY-ASS,True
Hitchens-in-Hell,True
fuck-your-puns,True
depressed-as-fuck,True
Bitch-ImOn12xanax,True
Bitch-tit,True
Stupid-O,True
giraffe-moms-a-bitch,True
piece-o-crap,True
It-aint-worth-shit,True
funny-as-hell,True
Feel-so-stupid,True
fuck-fuck-fuck-fuck-,True
carpenoctum-bitch,True
the-fuck-bro,True
A-stupid-question-21,True
DOG-SHIT,True
Shit-whistle,True
a-dumb-stick,True
Dumb-Erik,True
gun-lover-fuck-yeah,True
fuck-a-turtle,True
throw-away-dat-ass,True
Stupid-Melonn,True
Fuck-Bot,True
Ass-Mrs,True
shit-saber,True
fun-dumb-mental,True
Morning-shit,True
ya-bitch-magnets,True
Thats-my-ass,True
--dumb--question--,True
dumb-query,True
Cynical-Shit,True
Ass-BurgersThrowaway,True
Your-Teacher-Is-Shit,True
Pie-is-damn-good,True
K-Bitch,True
fuck-cscq,True
moment-of-hell,True
Fuck-Marry-Kill,True
ninja-as-fuck,True
Fuck-arby,True
hell-schwarz,True
bitch-nigga,True
stupid-genius,True
go-fuck-a-cactus,True
Ass-Piss,True
crap-e-diem,True
Bitch-I-Eat-People,True
get-the-fuck-out,True
Fuck-this-guy,True
redditors-are-stupid,True
Worse-Than-Shit,True
Fuck-The-Throwaway,True
fat-drunk-n-stupid,True
stupid-fucking-acorn,True
todds-dumb-baby,True
PM-ME-ASS-N-TITTIES,True
Fuck-Nation,True
throw-dis-bitch-away,True
your-kids-are-dumb,True
stupid-person-fake,True
majestic-as-fuck-,True
i-am-dumb,True
Nextlevel-idiot,True
Nibrant-Sucks-Ass,True
srsly-fuck-me-fi,True
wellshit-fuck,True
named-my-dog-idiot,True
fuck-and-shit-man,True
HuGz-N-KiSSz-N-SHiT,True
beethovens-bitch,True
Dr_Who-gives-a-fuck,True
I-Saw-Dumb-Eyes,True
YOU-MY-BITCH-NOW,True
cu-ASS-nt,True
dumb-dumber,True
dip-it-in-shit,True
1-800-ASS-SLAP,True
ir-idiot,True
Kyles-Moms-A-Bitch,True
GetConfident-Stupid,True
Basic-bitch,True
Cup-A-Shit,True
